file,file_name,gloss,smplx_shape,seq_len_T,motion_dim_D,duration_at_20fps_sec,keys
/home/image/Desktop/SignAvatar_Generative_Project/data/annotations/wlasl_pkls_cropFalse_defult_shape/00295.pkl,00295.pkl,a,"(21, 182)",21,182,1.05,left_valid|right_valid|total_valid_index|2d|pred_2d|smplx|unsmooth_smplx|bb2img_trans|focal|princpt
/home/image/Desktop/SignAvatar_Generative_Project/data/annotations/wlasl_pkls_cropFalse_defult_shape/00333.pkl,00333.pkl,abdomen,"(50, 182)",50,182,2.5,left_valid|right_valid|total_valid_index|2d|pred_2d|smplx|unsmooth_smplx|bb2img_trans|focal|princpt
/home/image/Desktop/SignAvatar_Generative_Project/data/annotations/wlasl_pkls_cropFalse_defult_shape/00335.pkl,00335.pkl,abdomen,"(58, 182)",58,182,2.9,left_valid|right_valid|total_valid_index|2d|pred_2d|smplx|unsmooth_smplx|bb2img_trans|focal|princpt
/home/image/Desktop/SignAvatar_Generative_Project/data/annotations/wlasl_pkls_cropFalse_defult_shape/00336.pkl,00336.pkl,abdomen,"(55, 182)",55,182,2.75,left_valid|right_valid|total_valid_index|2d|pred_2d|smplx|unsmooth_smplx|bb2img_trans|focal|princpt
/home/image/Desktop/SignAvatar_Generative_Project/data/annotations/wlasl_pkls_cropFalse_defult_shape/00337.pkl,00337.pkl,abdomen,"(25, 182)",25,182,1.25,left_valid|right_valid|total_valid_index|2d|pred_2d|smplx|unsmooth_smplx|bb2img_trans|focal|princpt
/home/image/Desktop/SignAvatar_Generative_Project/data/annotations/wlasl_pkls_cropFalse_defult_shape/00338.pkl,00338.pkl,abdomen,"(61, 182)",61,182,3.05,left_valid|right_valid|total_valid_index|2d|pred_2d|smplx|unsmooth_smplx|bb2img_trans|focal|princpt
/home/image/Desktop/SignAvatar_Generative_Project/data/annotations/wlasl_pkls_cropFalse_defult_shape/00339.pkl,00339.pkl,abdomen,"(52, 182)",52,182,2.6,left_valid|right_valid|total_valid_index|2d|pred_2d|smplx|unsmooth_smplx|bb2img_trans|focal|princpt
/home/image/Desktop/SignAvatar_Generative_Project/data/annotations/wlasl_pkls_cropFalse_defult_shape/00340.pkl,00340.pkl,abdomen,"(53, 182)",53,182,2.65,left_valid|right_valid|total_valid_index|2d|pred_2d|smplx|unsmooth_smplx|bb2img_trans|focal|princpt
/home/image/Desktop/SignAvatar_Generative_Project/data/annotations/wlasl_pkls_cropFalse_defult_shape/00341.pkl,00341.pkl,abdomen,"(71, 182)",71,182,3.55,left_valid|right_valid|total_valid_index|2d|pred_2d|smplx|unsmooth_smplx|bb2img_trans|focal|princpt
/home/image/Desktop/SignAvatar_Generative_Project/data/annotations/wlasl_pkls_cropFalse_defult_shape/00374.pkl,00374.pkl,able,"(44, 182)",44,182,2.2,left_valid|right_valid|total_valid_index|2d|pred_2d|smplx|unsmooth_smplx|bb2img_trans|focal|princpt
/home/image/Desktop/SignAvatar_Generative_Project/data/annotations/wlasl_pkls_cropFalse_defult_shape/00376.pkl,00376.pkl,able,"(56, 182)",56,182,2.8,left_valid|right_valid|total_valid_index|2d|pred_2d|smplx|unsmooth_smplx|bb2img_trans|focal|princpt
/home/image/Desktop/SignAvatar_Generative_Project/data/annotations/wlasl_pkls_cropFalse_defult_shape/00377.pkl,00377.pkl,able,"(75, 182)",75,182,3.75,left_valid|right_valid|total_valid_index|2d|pred_2d|smplx|unsmooth_smplx|bb2img_trans|focal|princpt
/home/image/Desktop/SignAvatar_Generative_Project/data/annotations/wlasl_pkls_cropFalse_defult_shape/00378.pkl,00378.pkl,able,"(36, 182)",36,182,1.8,left_valid|right_valid|total_valid_index|2d|pred_2d|smplx|unsmooth_smplx|bb2img_trans|focal|princpt
/home/image/Desktop/SignAvatar_Generative_Project/data/annotations/wlasl_pkls_cropFalse_defult_shape/00381.pkl,00381.pkl,able,"(32, 182)",32,182,1.6,left_valid|right_valid|total_valid_index|2d|pred_2d|smplx|unsmooth_smplx|bb2img_trans|focal|princpt
/home/image/Desktop/SignAvatar_Generative_Project/data/annotations/wlasl_pkls_cropFalse_defult_shape/00383.pkl,00383.pkl,able,"(65, 182)",65,182,3.25,left_valid|right_valid|total_valid_index|2d|pred_2d|smplx|unsmooth_smplx|bb2img_trans|focal|princpt
/home/image/Desktop/SignAvatar_Generative_Project/data/annotations/wlasl_pkls_cropFalse_defult_shape/00384.pkl,00384.pkl,able,"(72, 182)",72,182,3.6,left_valid|right_valid|total_valid_index|2d|pred_2d|smplx|unsmooth_smplx|bb2img_trans|focal|princpt
/home/image/Desktop/SignAvatar_Generative_Project/data/annotations/wlasl_pkls_cropFalse_defult_shape/00412.pkl,00412.pkl,about,"(36, 182)",36,182,1.8,left_valid|right_valid|total_valid_index|2d|pred_2d|smplx|unsmooth_smplx|bb2img_trans|focal|princpt
/home/image/Desktop/SignAvatar_Generative_Project/data/annotations/wlasl_pkls_cropFalse_defult_shape/00414.pkl,00414.pkl,about,"(54, 182)",54,182,2.7,left_valid|right_valid|total_valid_index|2d|pred_2d|smplx|unsmooth_smplx|bb2img_trans|focal|princpt
/home/image/Desktop/SignAvatar_Generative_Project/data/annotations/wlasl_pkls_cropFalse_defult_shape/00415.pkl,00415.pkl,about,"(40, 182)",40,182,2.0,left_valid|right_valid|total_valid_index|2d|pred_2d|smplx|unsmooth_smplx|bb2img_trans|focal|princpt
/home/image/Desktop/SignAvatar_Generative_Project/data/annotations/wlasl_pkls_cropFalse_defult_shape/00416.pkl,00416.pkl,about,"(98, 182)",98,182,4.9,left_valid|right_valid|total_valid_index|2d|pred_2d|smplx|unsmooth_smplx|bb2img_trans|focal|princpt
/home/image/Desktop/SignAvatar_Generative_Project/data/annotations/wlasl_pkls_cropFalse_defult_shape/00419.pkl,00419.pkl,about,"(55, 182)",55,182,2.75,left_valid|right_valid|total_valid_index|2d|pred_2d|smplx|unsmooth_smplx|bb2img_trans|focal|princpt
/home/image/Desktop/SignAvatar_Generative_Project/data/annotations/wlasl_pkls_cropFalse_defult_shape/00421.pkl,00421.pkl,about,"(29, 182)",29,182,1.45,left_valid|right_valid|total_valid_index|2d|pred_2d|smplx|unsmooth_smplx|bb2img_trans|focal|princpt
/home/image/Desktop/SignAvatar_Generative_Project/data/annotations/wlasl_pkls_cropFalse_defult_shape/00422.pkl,00422.pkl,about,"(57, 182)",57,182,2.85,left_valid|right_valid|total_valid_index|2d|pred_2d|smplx|unsmooth_smplx|bb2img_trans|focal|princpt
/home/image/Desktop/SignAvatar_Generative_Project/data/annotations/wlasl_pkls_cropFalse_defult_shape/00423.pkl,00423.pkl,about,"(63, 182)",63,182,3.15,left_valid|right_valid|total_valid_index|2d|pred_2d|smplx|unsmooth_smplx|bb2img_trans|focal|princpt
/home/image/Desktop/SignAvatar_Generative_Project/data/annotations/wlasl_pkls_cropFalse_defult_shape/00424.pkl,00424.pkl,about,"(59, 182)",59,182,2.95,left_valid|right_valid|total_valid_index|2d|pred_2d|smplx|unsmooth_smplx|bb2img_trans|focal|princpt
/home/image/Desktop/SignAvatar_Generative_Project/data/annotations/wlasl_pkls_cropFalse_defult_shape/00425.pkl,00425.pkl,about,"(53, 182)",53,182,2.65,left_valid|right_valid|total_valid_index|2d|pred_2d|smplx|unsmooth_smplx|bb2img_trans|focal|princpt
/home/image/Desktop/SignAvatar_Generative_Project/data/annotations/wlasl_pkls_cropFalse_defult_shape/00426.pkl,00426.pkl,about,"(83, 182)",83,182,4.15,left_valid|right_valid|total_valid_index|2d|pred_2d|smplx|unsmooth_smplx|bb2img_trans|focal|princpt
/home/image/Desktop/SignAvatar_Generative_Project/data/annotations/wlasl_pkls_cropFalse_defult_shape/00429.pkl,00429.pkl,above,"(15, 182)",15,182,0.75,left_valid|right_valid|total_valid_index|2d|pred_2d|smplx|unsmooth_smplx|bb2img_trans|focal|princpt
/home/image/Desktop/SignAvatar_Generative_Project/data/annotations/wlasl_pkls_cropFalse_defult_shape/00430.pkl,00430.pkl,above,"(45, 182)",45,182,2.25,left_valid|right_valid|total_valid_index|2d|pred_2d|smplx|unsmooth_smplx|bb2img_trans|focal|princpt
/home/image/Desktop/SignAvatar_Generative_Project/data/annotations/wlasl_pkls_cropFalse_defult_shape/00431.pkl,00431.pkl,above,"(103, 182)",103,182,5.15,left_valid|right_valid|total_valid_index|2d|pred_2d|smplx|unsmooth_smplx|bb2img_trans|focal|princpt
/home/image/Desktop/SignAvatar_Generative_Project/data/annotations/wlasl_pkls_cropFalse_defult_shape/00432.pkl,00432.pkl,above,"(55, 182)",55,182,2.75,left_valid|right_valid|total_valid_index|2d|pred_2d|smplx|unsmooth_smplx|bb2img_trans|focal|princpt
/home/image/Desktop/SignAvatar_Generative_Project/data/annotations/wlasl_pkls_cropFalse_defult_shape/00433.pkl,00433.pkl,above,"(68, 182)",68,182,3.4,left_valid|right_valid|total_valid_index|2d|pred_2d|smplx|unsmooth_smplx|bb2img_trans|focal|princpt
/home/image/Desktop/SignAvatar_Generative_Project/data/annotations/wlasl_pkls_cropFalse_defult_shape/00434.pkl,00434.pkl,above,"(77, 182)",77,182,3.85,left_valid|right_valid|total_valid_index|2d|pred_2d|smplx|unsmooth_smplx|bb2img_trans|focal|princpt
/home/image/Desktop/SignAvatar_Generative_Project/data/annotations/wlasl_pkls_cropFalse_defult_shape/00435.pkl,00435.pkl,above,"(87, 182)",87,182,4.35,left_valid|right_valid|total_valid_index|2d|pred_2d|smplx|unsmooth_smplx|bb2img_trans|focal|princpt
/home/image/Desktop/SignAvatar_Generative_Project/data/annotations/wlasl_pkls_cropFalse_defult_shape/00581.pkl,00581.pkl,accent,"(37, 182)",37,182,1.85,left_valid|right_valid|total_valid_index|2d|pred_2d|smplx|unsmooth_smplx|bb2img_trans|focal|princpt
/home/image/Desktop/SignAvatar_Generative_Project/data/annotations/wlasl_pkls_cropFalse_defult_shape/00583.pkl,00583.pkl,accent,"(33, 182)",33,182,1.65,left_valid|right_valid|total_valid_index|2d|pred_2d|smplx|unsmooth_smplx|bb2img_trans|focal|princpt
/home/image/Desktop/SignAvatar_Generative_Project/data/annotations/wlasl_pkls_cropFalse_defult_shape/00584.pkl,00584.pkl,accent,"(37, 182)",37,182,1.85,left_valid|right_valid|total_valid_index|2d|pred_2d|smplx|unsmooth_smplx|bb2img_trans|focal|princpt
/home/image/Desktop/SignAvatar_Generative_Project/data/annotations/wlasl_pkls_cropFalse_defult_shape/00585.pkl,00585.pkl,accent,"(33, 182)",33,182,1.65,left_valid|right_valid|total_valid_index|2d|pred_2d|smplx|unsmooth_smplx|bb2img_trans|focal|princpt
/home/image/Desktop/SignAvatar_Generative_Project/data/annotations/wlasl_pkls_cropFalse_defult_shape/00586.pkl,00586.pkl,accent,"(34, 182)",34,182,1.7,left_valid|right_valid|total_valid_index|2d|pred_2d|smplx|unsmooth_smplx|bb2img_trans|focal|princpt
/home/image/Desktop/SignAvatar_Generative_Project/data/annotations/wlasl_pkls_cropFalse_defult_shape/00587.pkl,00587.pkl,accent,"(27, 182)",27,182,1.35,left_valid|right_valid|total_valid_index|2d|pred_2d|smplx|unsmooth_smplx|bb2img_trans|focal|princpt
/home/image/Desktop/SignAvatar_Generative_Project/data/annotations/wlasl_pkls_cropFalse_defult_shape/00592.pkl,00592.pkl,accept,"(125, 182)",125,182,6.25,left_valid|right_valid|total_valid_index|2d|pred_2d|smplx|unsmooth_smplx|bb2img_trans|focal|princpt
/home/image/Desktop/SignAvatar_Generative_Project/data/annotations/wlasl_pkls_cropFalse_defult_shape/00593.pkl,00593.pkl,accept,"(29, 182)",29,182,1.45,left_valid|right_valid|total_valid_index|2d|pred_2d|smplx|unsmooth_smplx|bb2img_trans|focal|princpt
/home/image/Desktop/SignAvatar_Generative_Project/data/annotations/wlasl_pkls_cropFalse_defult_shape/00594.pkl,00594.pkl,accept,"(32, 182)",32,182,1.6,left_valid|right_valid|total_valid_index|2d|pred_2d|smplx|unsmooth_smplx|bb2img_trans|focal|princpt
/home/image/Desktop/SignAvatar_Generative_Project/data/annotations/wlasl_pkls_cropFalse_defult_shape/00597.pkl,00597.pkl,accept,"(100, 182)",100,182,5.0,left_valid|right_valid|total_valid_index|2d|pred_2d|smplx|unsmooth_smplx|bb2img_trans|focal|princpt
/home/image/Desktop/SignAvatar_Generative_Project/data/annotations/wlasl_pkls_cropFalse_defult_shape/00598.pkl,00598.pkl,accept,"(55, 182)",55,182,2.75,left_valid|right_valid|total_valid_index|2d|pred_2d|smplx|unsmooth_smplx|bb2img_trans|focal|princpt
/home/image/Desktop/SignAvatar_Generative_Project/data/annotations/wlasl_pkls_cropFalse_defult_shape/00599.pkl,00599.pkl,accept,"(34, 182)",34,182,1.7,left_valid|right_valid|total_valid_index|2d|pred_2d|smplx|unsmooth_smplx|bb2img_trans|focal|princpt
/home/image/Desktop/SignAvatar_Generative_Project/data/annotations/wlasl_pkls_cropFalse_defult_shape/00600.pkl,00600.pkl,accept,"(26, 182)",26,182,1.3,left_valid|right_valid|total_valid_index|2d|pred_2d|smplx|unsmooth_smplx|bb2img_trans|focal|princpt
/home/image/Desktop/SignAvatar_Generative_Project/data/annotations/wlasl_pkls_cropFalse_defult_shape/00601.pkl,00601.pkl,accept,"(46, 182)",46,182,2.3,left_valid|right_valid|total_valid_index|2d|pred_2d|smplx|unsmooth_smplx|bb2img_trans|focal|princpt
/home/image/Desktop/SignAvatar_Generative_Project/data/annotations/wlasl_pkls_cropFalse_defult_shape/00602.pkl,00602.pkl,accept,"(57, 182)",57,182,2.85,left_valid|right_valid|total_valid_index|2d|pred_2d|smplx|unsmooth_smplx|bb2img_trans|focal|princpt
/home/image/Desktop/SignAvatar_Generative_Project/data/annotations/wlasl_pkls_cropFalse_defult_shape/00618.pkl,00618.pkl,accident,"(12, 182)",12,182,0.6,left_valid|right_valid|total_valid_index|2d|pred_2d|smplx|unsmooth_smplx|bb2img_trans|focal|princpt
/home/image/Desktop/SignAvatar_Generative_Project/data/annotations/wlasl_pkls_cropFalse_defult_shape/00623.pkl,00623.pkl,accident,"(104, 182)",104,182,5.2,left_valid|right_valid|total_valid_index|2d|pred_2d|smplx|unsmooth_smplx|bb2img_trans|focal|princpt
/home/image/Desktop/SignAvatar_Generative_Project/data/annotations/wlasl_pkls_cropFalse_defult_shape/00624.pkl,00624.pkl,accident,"(93, 182)",93,182,4.65,left_valid|right_valid|total_valid_index|2d|pred_2d|smplx|unsmooth_smplx|bb2img_trans|focal|princpt
/home/image/Desktop/SignAvatar_Generative_Project/data/annotations/wlasl_pkls_cropFalse_defult_shape/00625.pkl,00625.pkl,accident,"(35, 182)",35,182,1.75,left_valid|right_valid|total_valid_index|2d|pred_2d|smplx|unsmooth_smplx|bb2img_trans|focal|princpt
/home/image/Desktop/SignAvatar_Generative_Project/data/annotations/wlasl_pkls_cropFalse_defult_shape/00626.pkl,00626.pkl,accident,"(46, 182)",46,182,2.3,left_valid|right_valid|total_valid_index|2d|pred_2d|smplx|unsmooth_smplx|bb2img_trans|focal|princpt
/home/image/Desktop/SignAvatar_Generative_Project/data/annotations/wlasl_pkls_cropFalse_defult_shape/00627.pkl,00627.pkl,accident,"(28, 182)",28,182,1.4,left_valid|right_valid|total_valid_index|2d|pred_2d|smplx|unsmooth_smplx|bb2img_trans|focal|princpt
/home/image/Desktop/SignAvatar_Generative_Project/data/annotations/wlasl_pkls_cropFalse_defult_shape/00628.pkl,00628.pkl,accident,"(31, 182)",31,182,1.55,left_valid|right_valid|total_valid_index|2d|pred_2d|smplx|unsmooth_smplx|bb2img_trans|focal|princpt
/home/image/Desktop/SignAvatar_Generative_Project/data/annotations/wlasl_pkls_cropFalse_defult_shape/00629.pkl,00629.pkl,accident,"(98, 182)",98,182,4.9,left_valid|right_valid|total_valid_index|2d|pred_2d|smplx|unsmooth_smplx|bb2img_trans|focal|princpt
/home/image/Desktop/SignAvatar_Generative_Project/data/annotations/wlasl_pkls_cropFalse_defult_shape/00630.pkl,00630.pkl,accident,"(54, 182)",54,182,2.7,left_valid|right_valid|total_valid_index|2d|pred_2d|smplx|unsmooth_smplx|bb2img_trans|focal|princpt
/home/image/Desktop/SignAvatar_Generative_Project/data/annotations/wlasl_pkls_cropFalse_defult_shape/00631.pkl,00631.pkl,accident,"(64, 182)",64,182,3.2,left_valid|right_valid|total_valid_index|2d|pred_2d|smplx|unsmooth_smplx|bb2img_trans|focal|princpt
/home/image/Desktop/SignAvatar_Generative_Project/data/annotations/wlasl_pkls_cropFalse_defult_shape/00632.pkl,00632.pkl,accident,"(48, 182)",48,182,2.4,left_valid|right_valid|total_valid_index|2d|pred_2d|smplx|unsmooth_smplx|bb2img_trans|focal|princpt
/home/image/Desktop/SignAvatar_Generative_Project/data/annotations/wlasl_pkls_cropFalse_defult_shape/00633.pkl,00633.pkl,accident,"(23, 182)",23,182,1.15,left_valid|right_valid|total_valid_index|2d|pred_2d|smplx|unsmooth_smplx|bb2img_trans|focal|princpt
/home/image/Desktop/SignAvatar_Generative_Project/data/annotations/wlasl_pkls_cropFalse_defult_shape/00634.pkl,00634.pkl,accident,"(35, 182)",35,182,1.75,left_valid|right_valid|total_valid_index|2d|pred_2d|smplx|unsmooth_smplx|bb2img_trans|focal|princpt
/home/image/Desktop/SignAvatar_Generative_Project/data/annotations/wlasl_pkls_cropFalse_defult_shape/00635.pkl,00635.pkl,accident,"(83, 182)",83,182,4.15,left_valid|right_valid|total_valid_index|2d|pred_2d|smplx|unsmooth_smplx|bb2img_trans|focal|princpt
/home/image/Desktop/SignAvatar_Generative_Project/data/annotations/wlasl_pkls_cropFalse_defult_shape/00636.pkl,00636.pkl,accident,"(70, 182)",70,182,3.5,left_valid|right_valid|total_valid_index|2d|pred_2d|smplx|unsmooth_smplx|bb2img_trans|focal|princpt
/home/image/Desktop/SignAvatar_Generative_Project/data/annotations/wlasl_pkls_cropFalse_defult_shape/00638.pkl,00638.pkl,accident,"(51, 182)",51,182,2.55,left_valid|right_valid|total_valid_index|2d|pred_2d|smplx|unsmooth_smplx|bb2img_trans|focal|princpt
/home/image/Desktop/SignAvatar_Generative_Project/data/annotations/wlasl_pkls_cropFalse_defult_shape/00639.pkl,00639.pkl,accident,"(89, 182)",89,182,4.45,left_valid|right_valid|total_valid_index|2d|pred_2d|smplx|unsmooth_smplx|bb2img_trans|focal|princpt
/home/image/Desktop/SignAvatar_Generative_Project/data/annotations/wlasl_pkls_cropFalse_defult_shape/00662.pkl,00662.pkl,accomplish,"(40, 182)",40,182,2.0,left_valid|right_valid|total_valid_index|2d|pred_2d|smplx|unsmooth_smplx|bb2img_trans|focal|princpt
/home/image/Desktop/SignAvatar_Generative_Project/data/annotations/wlasl_pkls_cropFalse_defult_shape/00663.pkl,00663.pkl,accomplish,"(117, 182)",117,182,5.85,left_valid|right_valid|total_valid_index|2d|pred_2d|smplx|unsmooth_smplx|bb2img_trans|focal|princpt
/home/image/Desktop/SignAvatar_Generative_Project/data/annotations/wlasl_pkls_cropFalse_defult_shape/00664.pkl,00664.pkl,accomplish,"(100, 182)",100,182,5.0,left_valid|right_valid|total_valid_index|2d|pred_2d|smplx|unsmooth_smplx|bb2img_trans|focal|princpt
/home/image/Desktop/SignAvatar_Generative_Project/data/annotations/wlasl_pkls_cropFalse_defult_shape/00665.pkl,00665.pkl,accomplish,"(28, 182)",28,182,1.4,left_valid|right_valid|total_valid_index|2d|pred_2d|smplx|unsmooth_smplx|bb2img_trans|focal|princpt
/home/image/Desktop/SignAvatar_Generative_Project/data/annotations/wlasl_pkls_cropFalse_defult_shape/00666.pkl,00666.pkl,accomplish,"(32, 182)",32,182,1.6,left_valid|right_valid|total_valid_index|2d|pred_2d|smplx|unsmooth_smplx|bb2img_trans|focal|princpt
/home/image/Desktop/SignAvatar_Generative_Project/data/annotations/wlasl_pkls_cropFalse_defult_shape/00667.pkl,00667.pkl,accomplish,"(44, 182)",44,182,2.2,left_valid|right_valid|total_valid_index|2d|pred_2d|smplx|unsmooth_smplx|bb2img_trans|focal|princpt
/home/image/Desktop/SignAvatar_Generative_Project/data/annotations/wlasl_pkls_cropFalse_defult_shape/00668.pkl,00668.pkl,accomplish,"(67, 182)",67,182,3.35,left_valid|right_valid|total_valid_index|2d|pred_2d|smplx|unsmooth_smplx|bb2img_trans|focal|princpt
/home/image/Desktop/SignAvatar_Generative_Project/data/annotations/wlasl_pkls_cropFalse_defult_shape/00689.pkl,00689.pkl,accountant,"(75, 182)",75,182,3.75,left_valid|right_valid|total_valid_index|2d|pred_2d|smplx|unsmooth_smplx|bb2img_trans|focal|princpt
/home/image/Desktop/SignAvatar_Generative_Project/data/annotations/wlasl_pkls_cropFalse_defult_shape/00690.pkl,00690.pkl,accountant,"(111, 182)",111,182,5.55,left_valid|right_valid|total_valid_index|2d|pred_2d|smplx|unsmooth_smplx|bb2img_trans|focal|princpt
/home/image/Desktop/SignAvatar_Generative_Project/data/annotations/wlasl_pkls_cropFalse_defult_shape/00691.pkl,00691.pkl,accountant,"(50, 182)",50,182,2.5,left_valid|right_valid|total_valid_index|2d|pred_2d|smplx|unsmooth_smplx|bb2img_trans|focal|princpt
/home/image/Desktop/SignAvatar_Generative_Project/data/annotations/wlasl_pkls_cropFalse_defult_shape/00693.pkl,00693.pkl,accountant,"(68, 182)",68,182,3.4,left_valid|right_valid|total_valid_index|2d|pred_2d|smplx|unsmooth_smplx|bb2img_trans|focal|princpt
/home/image/Desktop/SignAvatar_Generative_Project/data/annotations/wlasl_pkls_cropFalse_defult_shape/00694.pkl,00694.pkl,accountant,"(89, 182)",89,182,4.45,left_valid|right_valid|total_valid_index|2d|pred_2d|smplx|unsmooth_smplx|bb2img_trans|focal|princpt
/home/image/Desktop/SignAvatar_Generative_Project/data/annotations/wlasl_pkls_cropFalse_defult_shape/00829.pkl,00829.pkl,across,"(18, 182)",18,182,0.9,left_valid|right_valid|total_valid_index|2d|pred_2d|smplx|unsmooth_smplx|bb2img_trans|focal|princpt
/home/image/Desktop/SignAvatar_Generative_Project/data/annotations/wlasl_pkls_cropFalse_defult_shape/00832.pkl,00832.pkl,across,"(69, 182)",69,182,3.45,left_valid|right_valid|total_valid_index|2d|pred_2d|smplx|unsmooth_smplx|bb2img_trans|focal|princpt
/home/image/Desktop/SignAvatar_Generative_Project/data/annotations/wlasl_pkls_cropFalse_defult_shape/00834.pkl,00834.pkl,across,"(76, 182)",76,182,3.8,left_valid|right_valid|total_valid_index|2d|pred_2d|smplx|unsmooth_smplx|bb2img_trans|focal|princpt
/home/image/Desktop/SignAvatar_Generative_Project/data/annotations/wlasl_pkls_cropFalse_defult_shape/00835.pkl,00835.pkl,across,"(38, 182)",38,182,1.9,left_valid|right_valid|total_valid_index|2d|pred_2d|smplx|unsmooth_smplx|bb2img_trans|focal|princpt
/home/image/Desktop/SignAvatar_Generative_Project/data/annotations/wlasl_pkls_cropFalse_defult_shape/00836.pkl,00836.pkl,across,"(37, 182)",37,182,1.85,left_valid|right_valid|total_valid_index|2d|pred_2d|smplx|unsmooth_smplx|bb2img_trans|focal|princpt
/home/image/Desktop/SignAvatar_Generative_Project/data/annotations/wlasl_pkls_cropFalse_defult_shape/00838.pkl,00838.pkl,across,"(56, 182)",56,182,2.8,left_valid|right_valid|total_valid_index|2d|pred_2d|smplx|unsmooth_smplx|bb2img_trans|focal|princpt
/home/image/Desktop/SignAvatar_Generative_Project/data/annotations/wlasl_pkls_cropFalse_defult_shape/00839.pkl,00839.pkl,across,"(44, 182)",44,182,2.2,left_valid|right_valid|total_valid_index|2d|pred_2d|smplx|unsmooth_smplx|bb2img_trans|focal|princpt
/home/image/Desktop/SignAvatar_Generative_Project/data/annotations/wlasl_pkls_cropFalse_defult_shape/00840.pkl,00840.pkl,across,"(71, 182)",71,182,3.55,left_valid|right_valid|total_valid_index|2d|pred_2d|smplx|unsmooth_smplx|bb2img_trans|focal|princpt
/home/image/Desktop/SignAvatar_Generative_Project/data/annotations/wlasl_pkls_cropFalse_defult_shape/00841.pkl,00841.pkl,across,"(54, 182)",54,182,2.7,left_valid|right_valid|total_valid_index|2d|pred_2d|smplx|unsmooth_smplx|bb2img_trans|focal|princpt
/home/image/Desktop/SignAvatar_Generative_Project/data/annotations/wlasl_pkls_cropFalse_defult_shape/00842.pkl,00842.pkl,across,"(75, 182)",75,182,3.75,left_valid|right_valid|total_valid_index|2d|pred_2d|smplx|unsmooth_smplx|bb2img_trans|focal|princpt
/home/image/Desktop/SignAvatar_Generative_Project/data/annotations/wlasl_pkls_cropFalse_defult_shape/00846.pkl,00846.pkl,act,"(35, 182)",35,182,1.75,left_valid|right_valid|total_valid_index|2d|pred_2d|smplx|unsmooth_smplx|bb2img_trans|focal|princpt
/home/image/Desktop/SignAvatar_Generative_Project/data/annotations/wlasl_pkls_cropFalse_defult_shape/00847.pkl,00847.pkl,act,"(96, 182)",96,182,4.8,left_valid|right_valid|total_valid_index|2d|pred_2d|smplx|unsmooth_smplx|bb2img_trans|focal|princpt
/home/image/Desktop/SignAvatar_Generative_Project/data/annotations/wlasl_pkls_cropFalse_defult_shape/00849.pkl,00849.pkl,act,"(74, 182)",74,182,3.7,left_valid|right_valid|total_valid_index|2d|pred_2d|smplx|unsmooth_smplx|bb2img_trans|focal|princpt
/home/image/Desktop/SignAvatar_Generative_Project/data/annotations/wlasl_pkls_cropFalse_defult_shape/00850.pkl,00850.pkl,act,"(70, 182)",70,182,3.5,left_valid|right_valid|total_valid_index|2d|pred_2d|smplx|unsmooth_smplx|bb2img_trans|focal|princpt
/home/image/Desktop/SignAvatar_Generative_Project/data/annotations/wlasl_pkls_cropFalse_defult_shape/00851.pkl,00851.pkl,act,"(66, 182)",66,182,3.3,left_valid|right_valid|total_valid_index|2d|pred_2d|smplx|unsmooth_smplx|bb2img_trans|focal|princpt
/home/image/Desktop/SignAvatar_Generative_Project/data/annotations/wlasl_pkls_cropFalse_defult_shape/00853.pkl,00853.pkl,action,"(84, 182)",84,182,4.2,left_valid|right_valid|total_valid_index|2d|pred_2d|smplx|unsmooth_smplx|bb2img_trans|focal|princpt
/home/image/Desktop/SignAvatar_Generative_Project/data/annotations/wlasl_pkls_cropFalse_defult_shape/00854.pkl,00854.pkl,action,"(91, 182)",91,182,4.55,left_valid|right_valid|total_valid_index|2d|pred_2d|smplx|unsmooth_smplx|bb2img_trans|focal|princpt
/home/image/Desktop/SignAvatar_Generative_Project/data/annotations/wlasl_pkls_cropFalse_defult_shape/00855.pkl,00855.pkl,action,"(56, 182)",56,182,2.8,left_valid|right_valid|total_valid_index|2d|pred_2d|smplx|unsmooth_smplx|bb2img_trans|focal|princpt
/home/image/Desktop/SignAvatar_Generative_Project/data/annotations/wlasl_pkls_cropFalse_defult_shape/00856.pkl,00856.pkl,action,"(42, 182)",42,182,2.1,left_valid|right_valid|total_valid_index|2d|pred_2d|smplx|unsmooth_smplx|bb2img_trans|focal|princpt
/home/image/Desktop/SignAvatar_Generative_Project/data/annotations/wlasl_pkls_cropFalse_defult_shape/00857.pkl,00857.pkl,action,"(62, 182)",62,182,3.1,left_valid|right_valid|total_valid_index|2d|pred_2d|smplx|unsmooth_smplx|bb2img_trans|focal|princpt
/home/image/Desktop/SignAvatar_Generative_Project/data/annotations/wlasl_pkls_cropFalse_defult_shape/00858.pkl,00858.pkl,action,"(84, 182)",84,182,4.2,left_valid|right_valid|total_valid_index|2d|pred_2d|smplx|unsmooth_smplx|bb2img_trans|focal|princpt
/home/image/Desktop/SignAvatar_Generative_Project/data/annotations/wlasl_pkls_cropFalse_defult_shape/00867.pkl,00867.pkl,active,"(18, 182)",18,182,0.9,left_valid|right_valid|total_valid_index|2d|pred_2d|smplx|unsmooth_smplx|bb2img_trans|focal|princpt
/home/image/Desktop/SignAvatar_Generative_Project/data/annotations/wlasl_pkls_cropFalse_defult_shape/00868.pkl,00868.pkl,active,"(70, 182)",70,182,3.5,left_valid|right_valid|total_valid_index|2d|pred_2d|smplx|unsmooth_smplx|bb2img_trans|focal|princpt
/home/image/Desktop/SignAvatar_Generative_Project/data/annotations/wlasl_pkls_cropFalse_defult_shape/00869.pkl,00869.pkl,active,"(102, 182)",102,182,5.1,left_valid|right_valid|total_valid_index|2d|pred_2d|smplx|unsmooth_smplx|bb2img_trans|focal|princpt
/home/image/Desktop/SignAvatar_Generative_Project/data/annotations/wlasl_pkls_cropFalse_defult_shape/00870.pkl,00870.pkl,active,"(53, 182)",53,182,2.65,left_valid|right_valid|total_valid_index|2d|pred_2d|smplx|unsmooth_smplx|bb2img_trans|focal|princpt
/home/image/Desktop/SignAvatar_Generative_Project/data/annotations/wlasl_pkls_cropFalse_defult_shape/00871.pkl,00871.pkl,active,"(48, 182)",48,182,2.4,left_valid|right_valid|total_valid_index|2d|pred_2d|smplx|unsmooth_smplx|bb2img_trans|focal|princpt
/home/image/Desktop/SignAvatar_Generative_Project/data/annotations/wlasl_pkls_cropFalse_defult_shape/00872.pkl,00872.pkl,active,"(56, 182)",56,182,2.8,left_valid|right_valid|total_valid_index|2d|pred_2d|smplx|unsmooth_smplx|bb2img_trans|focal|princpt
/home/image/Desktop/SignAvatar_Generative_Project/data/annotations/wlasl_pkls_cropFalse_defult_shape/00873.pkl,00873.pkl,active,"(74, 182)",74,182,3.7,left_valid|right_valid|total_valid_index|2d|pred_2d|smplx|unsmooth_smplx|bb2img_trans|focal|princpt
/home/image/Desktop/SignAvatar_Generative_Project/data/annotations/wlasl_pkls_cropFalse_defult_shape/00874.pkl,00874.pkl,active,"(79, 182)",79,182,3.95,left_valid|right_valid|total_valid_index|2d|pred_2d|smplx|unsmooth_smplx|bb2img_trans|focal|princpt
/home/image/Desktop/SignAvatar_Generative_Project/data/annotations/wlasl_pkls_cropFalse_defult_shape/00886.pkl,00886.pkl,activity,"(45, 182)",45,182,2.25,left_valid|right_valid|total_valid_index|2d|pred_2d|smplx|unsmooth_smplx|bb2img_trans|focal|princpt
/home/image/Desktop/SignAvatar_Generative_Project/data/annotations/wlasl_pkls_cropFalse_defult_shape/00890.pkl,00890.pkl,activity,"(33, 182)",33,182,1.65,left_valid|right_valid|total_valid_index|2d|pred_2d|smplx|unsmooth_smplx|bb2img_trans|focal|princpt
/home/image/Desktop/SignAvatar_Generative_Project/data/annotations/wlasl_pkls_cropFalse_defult_shape/00891.pkl,00891.pkl,activity,"(91, 182)",91,182,4.55,left_valid|right_valid|total_valid_index|2d|pred_2d|smplx|unsmooth_smplx|bb2img_trans|focal|princpt
/home/image/Desktop/SignAvatar_Generative_Project/data/annotations/wlasl_pkls_cropFalse_defult_shape/00892.pkl,00892.pkl,activity,"(56, 182)",56,182,2.8,left_valid|right_valid|total_valid_index|2d|pred_2d|smplx|unsmooth_smplx|bb2img_trans|focal|princpt
/home/image/Desktop/SignAvatar_Generative_Project/data/annotations/wlasl_pkls_cropFalse_defult_shape/00893.pkl,00893.pkl,activity,"(54, 182)",54,182,2.7,left_valid|right_valid|total_valid_index|2d|pred_2d|smplx|unsmooth_smplx|bb2img_trans|focal|princpt
/home/image/Desktop/SignAvatar_Generative_Project/data/annotations/wlasl_pkls_cropFalse_defult_shape/00894.pkl,00894.pkl,activity,"(56, 182)",56,182,2.8,left_valid|right_valid|total_valid_index|2d|pred_2d|smplx|unsmooth_smplx|bb2img_trans|focal|princpt
/home/image/Desktop/SignAvatar_Generative_Project/data/annotations/wlasl_pkls_cropFalse_defult_shape/00897.pkl,00897.pkl,actor,"(48, 182)",48,182,2.4,left_valid|right_valid|total_valid_index|2d|pred_2d|smplx|unsmooth_smplx|bb2img_trans|focal|princpt
/home/image/Desktop/SignAvatar_Generative_Project/data/annotations/wlasl_pkls_cropFalse_defult_shape/00898.pkl,00898.pkl,actor,"(69, 182)",69,182,3.45,left_valid|right_valid|total_valid_index|2d|pred_2d|smplx|unsmooth_smplx|bb2img_trans|focal|princpt
/home/image/Desktop/SignAvatar_Generative_Project/data/annotations/wlasl_pkls_cropFalse_defult_shape/00899.pkl,00899.pkl,actor,"(77, 182)",77,182,3.85,left_valid|right_valid|total_valid_index|2d|pred_2d|smplx|unsmooth_smplx|bb2img_trans|focal|princpt
/home/image/Desktop/SignAvatar_Generative_Project/data/annotations/wlasl_pkls_cropFalse_defult_shape/00901.pkl,00901.pkl,actor,"(56, 182)",56,182,2.8,left_valid|right_valid|total_valid_index|2d|pred_2d|smplx|unsmooth_smplx|bb2img_trans|focal|princpt
/home/image/Desktop/SignAvatar_Generative_Project/data/annotations/wlasl_pkls_cropFalse_defult_shape/00902.pkl,00902.pkl,actor,"(66, 182)",66,182,3.3,left_valid|right_valid|total_valid_index|2d|pred_2d|smplx|unsmooth_smplx|bb2img_trans|focal|princpt
/home/image/Desktop/SignAvatar_Generative_Project/data/annotations/wlasl_pkls_cropFalse_defult_shape/00903.pkl,00903.pkl,actor,"(69, 182)",69,182,3.45,left_valid|right_valid|total_valid_index|2d|pred_2d|smplx|unsmooth_smplx|bb2img_trans|focal|princpt
/home/image/Desktop/SignAvatar_Generative_Project/data/annotations/wlasl_pkls_cropFalse_defult_shape/00904.pkl,00904.pkl,actor,"(95, 182)",95,182,4.75,left_valid|right_valid|total_valid_index|2d|pred_2d|smplx|unsmooth_smplx|bb2img_trans|focal|princpt
/home/image/Desktop/SignAvatar_Generative_Project/data/annotations/wlasl_pkls_cropFalse_defult_shape/00943.pkl,00943.pkl,adapt,"(139, 182)",139,182,6.95,left_valid|right_valid|total_valid_index|2d|pred_2d|smplx|unsmooth_smplx|bb2img_trans|focal|princpt
/home/image/Desktop/SignAvatar_Generative_Project/data/annotations/wlasl_pkls_cropFalse_defult_shape/00944.pkl,00944.pkl,adapt,"(114, 182)",114,182,5.7,left_valid|right_valid|total_valid_index|2d|pred_2d|smplx|unsmooth_smplx|bb2img_trans|focal|princpt
/home/image/Desktop/SignAvatar_Generative_Project/data/annotations/wlasl_pkls_cropFalse_defult_shape/00946.pkl,00946.pkl,adapt,"(30, 182)",30,182,1.5,left_valid|right_valid|total_valid_index|2d|pred_2d|smplx|unsmooth_smplx|bb2img_trans|focal|princpt
/home/image/Desktop/SignAvatar_Generative_Project/data/annotations/wlasl_pkls_cropFalse_defult_shape/00947.pkl,00947.pkl,adapt,"(68, 182)",68,182,3.4,left_valid|right_valid|total_valid_index|2d|pred_2d|smplx|unsmooth_smplx|bb2img_trans|focal|princpt
/home/image/Desktop/SignAvatar_Generative_Project/data/annotations/wlasl_pkls_cropFalse_defult_shape/00949.pkl,00949.pkl,adapt,"(44, 182)",44,182,2.2,left_valid|right_valid|total_valid_index|2d|pred_2d|smplx|unsmooth_smplx|bb2img_trans|focal|princpt
/home/image/Desktop/SignAvatar_Generative_Project/data/annotations/wlasl_pkls_cropFalse_defult_shape/00950.pkl,00950.pkl,adapt,"(68, 182)",68,182,3.4,left_valid|right_valid|total_valid_index|2d|pred_2d|smplx|unsmooth_smplx|bb2img_trans|focal|princpt
/home/image/Desktop/SignAvatar_Generative_Project/data/annotations/wlasl_pkls_cropFalse_defult_shape/00951.pkl,00951.pkl,adapt,"(79, 182)",79,182,3.95,left_valid|right_valid|total_valid_index|2d|pred_2d|smplx|unsmooth_smplx|bb2img_trans|focal|princpt
/home/image/Desktop/SignAvatar_Generative_Project/data/annotations/wlasl_pkls_cropFalse_defult_shape/00962.pkl,00962.pkl,add,"(38, 182)",38,182,1.9,left_valid|right_valid|total_valid_index|2d|pred_2d|smplx|unsmooth_smplx|bb2img_trans|focal|princpt
/home/image/Desktop/SignAvatar_Generative_Project/data/annotations/wlasl_pkls_cropFalse_defult_shape/00963.pkl,00963.pkl,add,"(39, 182)",39,182,1.95,left_valid|right_valid|total_valid_index|2d|pred_2d|smplx|unsmooth_smplx|bb2img_trans|focal|princpt
/home/image/Desktop/SignAvatar_Generative_Project/data/annotations/wlasl_pkls_cropFalse_defult_shape/00964.pkl,00964.pkl,add,"(41, 182)",41,182,2.05,left_valid|right_valid|total_valid_index|2d|pred_2d|smplx|unsmooth_smplx|bb2img_trans|focal|princpt
/home/image/Desktop/SignAvatar_Generative_Project/data/annotations/wlasl_pkls_cropFalse_defult_shape/00965.pkl,00965.pkl,add,"(101, 182)",101,182,5.05,left_valid|right_valid|total_valid_index|2d|pred_2d|smplx|unsmooth_smplx|bb2img_trans|focal|princpt
/home/image/Desktop/SignAvatar_Generative_Project/data/annotations/wlasl_pkls_cropFalse_defult_shape/00966.pkl,00966.pkl,add,"(54, 182)",54,182,2.7,left_valid|right_valid|total_valid_index|2d|pred_2d|smplx|unsmooth_smplx|bb2img_trans|focal|princpt
/home/image/Desktop/SignAvatar_Generative_Project/data/annotations/wlasl_pkls_cropFalse_defult_shape/00967.pkl,00967.pkl,add,"(24, 182)",24,182,1.2,left_valid|right_valid|total_valid_index|2d|pred_2d|smplx|unsmooth_smplx|bb2img_trans|focal|princpt
/home/image/Desktop/SignAvatar_Generative_Project/data/annotations/wlasl_pkls_cropFalse_defult_shape/00972.pkl,00972.pkl,add,"(72, 182)",72,182,3.6,left_valid|right_valid|total_valid_index|2d|pred_2d|smplx|unsmooth_smplx|bb2img_trans|focal|princpt
/home/image/Desktop/SignAvatar_Generative_Project/data/annotations/wlasl_pkls_cropFalse_defult_shape/00973.pkl,00973.pkl,add,"(85, 182)",85,182,4.25,left_valid|right_valid|total_valid_index|2d|pred_2d|smplx|unsmooth_smplx|bb2img_trans|focal|princpt
/home/image/Desktop/SignAvatar_Generative_Project/data/annotations/wlasl_pkls_cropFalse_defult_shape/01011.pkl,01011.pkl,address,"(75, 182)",75,182,3.75,left_valid|right_valid|total_valid_index|2d|pred_2d|smplx|unsmooth_smplx|bb2img_trans|focal|princpt
/home/image/Desktop/SignAvatar_Generative_Project/data/annotations/wlasl_pkls_cropFalse_defult_shape/01012.pkl,01012.pkl,address,"(36, 182)",36,182,1.8,left_valid|right_valid|total_valid_index|2d|pred_2d|smplx|unsmooth_smplx|bb2img_trans|focal|princpt
/home/image/Desktop/SignAvatar_Generative_Project/data/annotations/wlasl_pkls_cropFalse_defult_shape/01016.pkl,01016.pkl,address,"(53, 182)",53,182,2.65,left_valid|right_valid|total_valid_index|2d|pred_2d|smplx|unsmooth_smplx|bb2img_trans|focal|princpt
/home/image/Desktop/SignAvatar_Generative_Project/data/annotations/wlasl_pkls_cropFalse_defult_shape/01018.pkl,01018.pkl,address,"(37, 182)",37,182,1.85,left_valid|right_valid|total_valid_index|2d|pred_2d|smplx|unsmooth_smplx|bb2img_trans|focal|princpt
/home/image/Desktop/SignAvatar_Generative_Project/data/annotations/wlasl_pkls_cropFalse_defult_shape/01020.pkl,01020.pkl,address,"(62, 182)",62,182,3.1,left_valid|right_valid|total_valid_index|2d|pred_2d|smplx|unsmooth_smplx|bb2img_trans|focal|princpt
/home/image/Desktop/SignAvatar_Generative_Project/data/annotations/wlasl_pkls_cropFalse_defult_shape/01021.pkl,01021.pkl,address,"(58, 182)",58,182,2.9,left_valid|right_valid|total_valid_index|2d|pred_2d|smplx|unsmooth_smplx|bb2img_trans|focal|princpt
/home/image/Desktop/SignAvatar_Generative_Project/data/annotations/wlasl_pkls_cropFalse_defult_shape/01024.pkl,01024.pkl,address,"(77, 182)",77,182,3.85,left_valid|right_valid|total_valid_index|2d|pred_2d|smplx|unsmooth_smplx|bb2img_trans|focal|princpt
/home/image/Desktop/SignAvatar_Generative_Project/data/annotations/wlasl_pkls_cropFalse_defult_shape/01062.pkl,01062.pkl,adjective,"(57, 182)",57,182,2.85,left_valid|right_valid|total_valid_index|2d|pred_2d|smplx|unsmooth_smplx|bb2img_trans|focal|princpt
/home/image/Desktop/SignAvatar_Generative_Project/data/annotations/wlasl_pkls_cropFalse_defult_shape/01064.pkl,01064.pkl,adjective,"(82, 182)",82,182,4.1,left_valid|right_valid|total_valid_index|2d|pred_2d|smplx|unsmooth_smplx|bb2img_trans|focal|princpt
/home/image/Desktop/SignAvatar_Generative_Project/data/annotations/wlasl_pkls_cropFalse_defult_shape/01065.pkl,01065.pkl,adjective,"(35, 182)",35,182,1.75,left_valid|right_valid|total_valid_index|2d|pred_2d|smplx|unsmooth_smplx|bb2img_trans|focal|princpt
/home/image/Desktop/SignAvatar_Generative_Project/data/annotations/wlasl_pkls_cropFalse_defult_shape/01066.pkl,01066.pkl,adjective,"(152, 182)",152,182,7.6,left_valid|right_valid|total_valid_index|2d|pred_2d|smplx|unsmooth_smplx|bb2img_trans|focal|princpt
/home/image/Desktop/SignAvatar_Generative_Project/data/annotations/wlasl_pkls_cropFalse_defult_shape/01068.pkl,01068.pkl,adjective,"(43, 182)",43,182,2.15,left_valid|right_valid|total_valid_index|2d|pred_2d|smplx|unsmooth_smplx|bb2img_trans|focal|princpt
/home/image/Desktop/SignAvatar_Generative_Project/data/annotations/wlasl_pkls_cropFalse_defult_shape/01069.pkl,01069.pkl,adjective,"(73, 182)",73,182,3.65,left_valid|right_valid|total_valid_index|2d|pred_2d|smplx|unsmooth_smplx|bb2img_trans|focal|princpt
/home/image/Desktop/SignAvatar_Generative_Project/data/annotations/wlasl_pkls_cropFalse_defult_shape/01073.pkl,01073.pkl,adjust,"(80, 182)",80,182,4.0,left_valid|right_valid|total_valid_index|2d|pred_2d|smplx|unsmooth_smplx|bb2img_trans|focal|princpt
/home/image/Desktop/SignAvatar_Generative_Project/data/annotations/wlasl_pkls_cropFalse_defult_shape/01074.pkl,01074.pkl,adjust,"(81, 182)",81,182,4.05,left_valid|right_valid|total_valid_index|2d|pred_2d|smplx|unsmooth_smplx|bb2img_trans|focal|princpt
/home/image/Desktop/SignAvatar_Generative_Project/data/annotations/wlasl_pkls_cropFalse_defult_shape/01076.pkl,01076.pkl,adjust,"(44, 182)",44,182,2.2,left_valid|right_valid|total_valid_index|2d|pred_2d|smplx|unsmooth_smplx|bb2img_trans|focal|princpt
/home/image/Desktop/SignAvatar_Generative_Project/data/annotations/wlasl_pkls_cropFalse_defult_shape/01077.pkl,01077.pkl,adjust,"(55, 182)",55,182,2.75,left_valid|right_valid|total_valid_index|2d|pred_2d|smplx|unsmooth_smplx|bb2img_trans|focal|princpt
/home/image/Desktop/SignAvatar_Generative_Project/data/annotations/wlasl_pkls_cropFalse_defult_shape/01078.pkl,01078.pkl,adjust,"(58, 182)",58,182,2.9,left_valid|right_valid|total_valid_index|2d|pred_2d|smplx|unsmooth_smplx|bb2img_trans|focal|princpt
/home/image/Desktop/SignAvatar_Generative_Project/data/annotations/wlasl_pkls_cropFalse_defult_shape/01079.pkl,01079.pkl,adjust,"(87, 182)",87,182,4.35,left_valid|right_valid|total_valid_index|2d|pred_2d|smplx|unsmooth_smplx|bb2img_trans|focal|princpt
/home/image/Desktop/SignAvatar_Generative_Project/data/annotations/wlasl_pkls_cropFalse_defult_shape/01100.pkl,01100.pkl,admire,"(94, 182)",94,182,4.7,left_valid|right_valid|total_valid_index|2d|pred_2d|smplx|unsmooth_smplx|bb2img_trans|focal|princpt
/home/image/Desktop/SignAvatar_Generative_Project/data/annotations/wlasl_pkls_cropFalse_defult_shape/01101.pkl,01101.pkl,admire,"(117, 182)",117,182,5.85,left_valid|right_valid|total_valid_index|2d|pred_2d|smplx|unsmooth_smplx|bb2img_trans|focal|princpt
/home/image/Desktop/SignAvatar_Generative_Project/data/annotations/wlasl_pkls_cropFalse_defult_shape/01102.pkl,01102.pkl,admire,"(31, 182)",31,182,1.55,left_valid|right_valid|total_valid_index|2d|pred_2d|smplx|unsmooth_smplx|bb2img_trans|focal|princpt
/home/image/Desktop/SignAvatar_Generative_Project/data/annotations/wlasl_pkls_cropFalse_defult_shape/01103.pkl,01103.pkl,admire,"(41, 182)",41,182,2.05,left_valid|right_valid|total_valid_index|2d|pred_2d|smplx|unsmooth_smplx|bb2img_trans|focal|princpt
/home/image/Desktop/SignAvatar_Generative_Project/data/annotations/wlasl_pkls_cropFalse_defult_shape/01106.pkl,01106.pkl,admire,"(77, 182)",77,182,3.85,left_valid|right_valid|total_valid_index|2d|pred_2d|smplx|unsmooth_smplx|bb2img_trans|focal|princpt
/home/image/Desktop/SignAvatar_Generative_Project/data/annotations/wlasl_pkls_cropFalse_defult_shape/01107.pkl,01107.pkl,admire,"(85, 182)",85,182,4.25,left_valid|right_valid|total_valid_index|2d|pred_2d|smplx|unsmooth_smplx|bb2img_trans|focal|princpt
/home/image/Desktop/SignAvatar_Generative_Project/data/annotations/wlasl_pkls_cropFalse_defult_shape/01118.pkl,01118.pkl,admit,"(35, 182)",35,182,1.75,left_valid|right_valid|total_valid_index|2d|pred_2d|smplx|unsmooth_smplx|bb2img_trans|focal|princpt
/home/image/Desktop/SignAvatar_Generative_Project/data/annotations/wlasl_pkls_cropFalse_defult_shape/01120.pkl,01120.pkl,admit,"(117, 182)",117,182,5.85,left_valid|right_valid|total_valid_index|2d|pred_2d|smplx|unsmooth_smplx|bb2img_trans|focal|princpt
/home/image/Desktop/SignAvatar_Generative_Project/data/annotations/wlasl_pkls_cropFalse_defult_shape/01121.pkl,01121.pkl,admit,"(58, 182)",58,182,2.9,left_valid|right_valid|total_valid_index|2d|pred_2d|smplx|unsmooth_smplx|bb2img_trans|focal|princpt
/home/image/Desktop/SignAvatar_Generative_Project/data/annotations/wlasl_pkls_cropFalse_defult_shape/01122.pkl,01122.pkl,admit,"(33, 182)",33,182,1.65,left_valid|right_valid|total_valid_index|2d|pred_2d|smplx|unsmooth_smplx|bb2img_trans|focal|princpt
/home/image/Desktop/SignAvatar_Generative_Project/data/annotations/wlasl_pkls_cropFalse_defult_shape/01124.pkl,01124.pkl,admit,"(68, 182)",68,182,3.4,left_valid|right_valid|total_valid_index|2d|pred_2d|smplx|unsmooth_smplx|bb2img_trans|focal|princpt
/home/image/Desktop/SignAvatar_Generative_Project/data/annotations/wlasl_pkls_cropFalse_defult_shape/01127.pkl,01127.pkl,admit,"(76, 182)",76,182,3.8,left_valid|right_valid|total_valid_index|2d|pred_2d|smplx|unsmooth_smplx|bb2img_trans|focal|princpt
/home/image/Desktop/SignAvatar_Generative_Project/data/annotations/wlasl_pkls_cropFalse_defult_shape/01149.pkl,01149.pkl,adopt,"(32, 182)",32,182,1.6,left_valid|right_valid|total_valid_index|2d|pred_2d|smplx|unsmooth_smplx|bb2img_trans|focal|princpt
/home/image/Desktop/SignAvatar_Generative_Project/data/annotations/wlasl_pkls_cropFalse_defult_shape/01157.pkl,01157.pkl,adopt,"(89, 182)",89,182,4.45,left_valid|right_valid|total_valid_index|2d|pred_2d|smplx|unsmooth_smplx|bb2img_trans|focal|princpt
/home/image/Desktop/SignAvatar_Generative_Project/data/annotations/wlasl_pkls_cropFalse_defult_shape/01158.pkl,01158.pkl,adopt,"(34, 182)",34,182,1.7,left_valid|right_valid|total_valid_index|2d|pred_2d|smplx|unsmooth_smplx|bb2img_trans|focal|princpt
/home/image/Desktop/SignAvatar_Generative_Project/data/annotations/wlasl_pkls_cropFalse_defult_shape/01159.pkl,01159.pkl,adopt,"(26, 182)",26,182,1.3,left_valid|right_valid|total_valid_index|2d|pred_2d|smplx|unsmooth_smplx|bb2img_trans|focal|princpt
/home/image/Desktop/SignAvatar_Generative_Project/data/annotations/wlasl_pkls_cropFalse_defult_shape/01160.pkl,01160.pkl,adopt,"(32, 182)",32,182,1.6,left_valid|right_valid|total_valid_index|2d|pred_2d|smplx|unsmooth_smplx|bb2img_trans|focal|princpt
/home/image/Desktop/SignAvatar_Generative_Project/data/annotations/wlasl_pkls_cropFalse_defult_shape/01161.pkl,01161.pkl,adopt,"(63, 182)",63,182,3.15,left_valid|right_valid|total_valid_index|2d|pred_2d|smplx|unsmooth_smplx|bb2img_trans|focal|princpt
/home/image/Desktop/SignAvatar_Generative_Project/data/annotations/wlasl_pkls_cropFalse_defult_shape/01162.pkl,01162.pkl,adopt,"(77, 182)",77,182,3.85,left_valid|right_valid|total_valid_index|2d|pred_2d|smplx|unsmooth_smplx|bb2img_trans|focal|princpt
/home/image/Desktop/SignAvatar_Generative_Project/data/annotations/wlasl_pkls_cropFalse_defult_shape/01207.pkl,01207.pkl,adult,"(85, 182)",85,182,4.25,left_valid|right_valid|total_valid_index|2d|pred_2d|smplx|unsmooth_smplx|bb2img_trans|focal|princpt
/home/image/Desktop/SignAvatar_Generative_Project/data/annotations/wlasl_pkls_cropFalse_defult_shape/01208.pkl,01208.pkl,adult,"(103, 182)",103,182,5.15,left_valid|right_valid|total_valid_index|2d|pred_2d|smplx|unsmooth_smplx|bb2img_trans|focal|princpt
/home/image/Desktop/SignAvatar_Generative_Project/data/annotations/wlasl_pkls_cropFalse_defult_shape/01209.pkl,01209.pkl,adult,"(41, 182)",41,182,2.05,left_valid|right_valid|total_valid_index|2d|pred_2d|smplx|unsmooth_smplx|bb2img_trans|focal|princpt
/home/image/Desktop/SignAvatar_Generative_Project/data/annotations/wlasl_pkls_cropFalse_defult_shape/01211.pkl,01211.pkl,adult,"(31, 182)",31,182,1.55,left_valid|right_valid|total_valid_index|2d|pred_2d|smplx|unsmooth_smplx|bb2img_trans|focal|princpt
/home/image/Desktop/SignAvatar_Generative_Project/data/annotations/wlasl_pkls_cropFalse_defult_shape/01212.pkl,01212.pkl,adult,"(32, 182)",32,182,1.6,left_valid|right_valid|total_valid_index|2d|pred_2d|smplx|unsmooth_smplx|bb2img_trans|focal|princpt
/home/image/Desktop/SignAvatar_Generative_Project/data/annotations/wlasl_pkls_cropFalse_defult_shape/01214.pkl,01214.pkl,adult,"(36, 182)",36,182,1.8,left_valid|right_valid|total_valid_index|2d|pred_2d|smplx|unsmooth_smplx|bb2img_trans|focal|princpt
/home/image/Desktop/SignAvatar_Generative_Project/data/annotations/wlasl_pkls_cropFalse_defult_shape/01215.pkl,01215.pkl,adult,"(45, 182)",45,182,2.25,left_valid|right_valid|total_valid_index|2d|pred_2d|smplx|unsmooth_smplx|bb2img_trans|focal|princpt
/home/image/Desktop/SignAvatar_Generative_Project/data/annotations/wlasl_pkls_cropFalse_defult_shape/01216.pkl,01216.pkl,adult,"(64, 182)",64,182,3.2,left_valid|right_valid|total_valid_index|2d|pred_2d|smplx|unsmooth_smplx|bb2img_trans|focal|princpt
/home/image/Desktop/SignAvatar_Generative_Project/data/annotations/wlasl_pkls_cropFalse_defult_shape/01217.pkl,01217.pkl,adult,"(85, 182)",85,182,4.25,left_valid|right_valid|total_valid_index|2d|pred_2d|smplx|unsmooth_smplx|bb2img_trans|focal|princpt
/home/image/Desktop/SignAvatar_Generative_Project/data/annotations/wlasl_pkls_cropFalse_defult_shape/01224.pkl,01224.pkl,advanced,"(23, 182)",23,182,1.15,left_valid|right_valid|total_valid_index|2d|pred_2d|smplx|unsmooth_smplx|bb2img_trans|focal|princpt
/home/image/Desktop/SignAvatar_Generative_Project/data/annotations/wlasl_pkls_cropFalse_defult_shape/01226.pkl,01226.pkl,advanced,"(107, 182)",107,182,5.35,left_valid|right_valid|total_valid_index|2d|pred_2d|smplx|unsmooth_smplx|bb2img_trans|focal|princpt
/home/image/Desktop/SignAvatar_Generative_Project/data/annotations/wlasl_pkls_cropFalse_defult_shape/01227.pkl,01227.pkl,advanced,"(49, 182)",49,182,2.45,left_valid|right_valid|total_valid_index|2d|pred_2d|smplx|unsmooth_smplx|bb2img_trans|focal|princpt
/home/image/Desktop/SignAvatar_Generative_Project/data/annotations/wlasl_pkls_cropFalse_defult_shape/01228.pkl,01228.pkl,advanced,"(32, 182)",32,182,1.6,left_valid|right_valid|total_valid_index|2d|pred_2d|smplx|unsmooth_smplx|bb2img_trans|focal|princpt
/home/image/Desktop/SignAvatar_Generative_Project/data/annotations/wlasl_pkls_cropFalse_defult_shape/01229.pkl,01229.pkl,advanced,"(58, 182)",58,182,2.9,left_valid|right_valid|total_valid_index|2d|pred_2d|smplx|unsmooth_smplx|bb2img_trans|focal|princpt
/home/image/Desktop/SignAvatar_Generative_Project/data/annotations/wlasl_pkls_cropFalse_defult_shape/01230.pkl,01230.pkl,advanced,"(52, 182)",52,182,2.6,left_valid|right_valid|total_valid_index|2d|pred_2d|smplx|unsmooth_smplx|bb2img_trans|focal|princpt
/home/image/Desktop/SignAvatar_Generative_Project/data/annotations/wlasl_pkls_cropFalse_defult_shape/01231.pkl,01231.pkl,advanced,"(81, 182)",81,182,4.05,left_valid|right_valid|total_valid_index|2d|pred_2d|smplx|unsmooth_smplx|bb2img_trans|focal|princpt
/home/image/Desktop/SignAvatar_Generative_Project/data/annotations/wlasl_pkls_cropFalse_defult_shape/01242.pkl,01242.pkl,advantage,"(46, 182)",46,182,2.3,left_valid|right_valid|total_valid_index|2d|pred_2d|smplx|unsmooth_smplx|bb2img_trans|focal|princpt
/home/image/Desktop/SignAvatar_Generative_Project/data/annotations/wlasl_pkls_cropFalse_defult_shape/01244.pkl,01244.pkl,advantage,"(106, 182)",106,182,5.3,left_valid|right_valid|total_valid_index|2d|pred_2d|smplx|unsmooth_smplx|bb2img_trans|focal|princpt
/home/image/Desktop/SignAvatar_Generative_Project/data/annotations/wlasl_pkls_cropFalse_defult_shape/01245.pkl,01245.pkl,advantage,"(28, 182)",28,182,1.4,left_valid|right_valid|total_valid_index|2d|pred_2d|smplx|unsmooth_smplx|bb2img_trans|focal|princpt
/home/image/Desktop/SignAvatar_Generative_Project/data/annotations/wlasl_pkls_cropFalse_defult_shape/01247.pkl,01247.pkl,advantage,"(48, 182)",48,182,2.4,left_valid|right_valid|total_valid_index|2d|pred_2d|smplx|unsmooth_smplx|bb2img_trans|focal|princpt
/home/image/Desktop/SignAvatar_Generative_Project/data/annotations/wlasl_pkls_cropFalse_defult_shape/01248.pkl,01248.pkl,advantage,"(36, 182)",36,182,1.8,left_valid|right_valid|total_valid_index|2d|pred_2d|smplx|unsmooth_smplx|bb2img_trans|focal|princpt
/home/image/Desktop/SignAvatar_Generative_Project/data/annotations/wlasl_pkls_cropFalse_defult_shape/01251.pkl,01251.pkl,advantage,"(58, 182)",58,182,2.9,left_valid|right_valid|total_valid_index|2d|pred_2d|smplx|unsmooth_smplx|bb2img_trans|focal|princpt
/home/image/Desktop/SignAvatar_Generative_Project/data/annotations/wlasl_pkls_cropFalse_defult_shape/01252.pkl,01252.pkl,advantage,"(79, 182)",79,182,3.95,left_valid|right_valid|total_valid_index|2d|pred_2d|smplx|unsmooth_smplx|bb2img_trans|focal|princpt
/home/image/Desktop/SignAvatar_Generative_Project/data/annotations/wlasl_pkls_cropFalse_defult_shape/01263.pkl,01263.pkl,adverb,"(61, 182)",61,182,3.05,left_valid|right_valid|total_valid_index|2d|pred_2d|smplx|unsmooth_smplx|bb2img_trans|focal|princpt
/home/image/Desktop/SignAvatar_Generative_Project/data/annotations/wlasl_pkls_cropFalse_defult_shape/01264.pkl,01264.pkl,adverb,"(74, 182)",74,182,3.7,left_valid|right_valid|total_valid_index|2d|pred_2d|smplx|unsmooth_smplx|bb2img_trans|focal|princpt
/home/image/Desktop/SignAvatar_Generative_Project/data/annotations/wlasl_pkls_cropFalse_defult_shape/01265.pkl,01265.pkl,adverb,"(97, 182)",97,182,4.85,left_valid|right_valid|total_valid_index|2d|pred_2d|smplx|unsmooth_smplx|bb2img_trans|focal|princpt
/home/image/Desktop/SignAvatar_Generative_Project/data/annotations/wlasl_pkls_cropFalse_defult_shape/01266.pkl,01266.pkl,adverb,"(128, 182)",128,182,6.4,left_valid|right_valid|total_valid_index|2d|pred_2d|smplx|unsmooth_smplx|bb2img_trans|focal|princpt
/home/image/Desktop/SignAvatar_Generative_Project/data/annotations/wlasl_pkls_cropFalse_defult_shape/01267.pkl,01267.pkl,adverb,"(53, 182)",53,182,2.65,left_valid|right_valid|total_valid_index|2d|pred_2d|smplx|unsmooth_smplx|bb2img_trans|focal|princpt
/home/image/Desktop/SignAvatar_Generative_Project/data/annotations/wlasl_pkls_cropFalse_defult_shape/01268.pkl,01268.pkl,adverb,"(37, 182)",37,182,1.85,left_valid|right_valid|total_valid_index|2d|pred_2d|smplx|unsmooth_smplx|bb2img_trans|focal|princpt
/home/image/Desktop/SignAvatar_Generative_Project/data/annotations/wlasl_pkls_cropFalse_defult_shape/01269.pkl,01269.pkl,adverb,"(71, 182)",71,182,3.55,left_valid|right_valid|total_valid_index|2d|pred_2d|smplx|unsmooth_smplx|bb2img_trans|focal|princpt
/home/image/Desktop/SignAvatar_Generative_Project/data/annotations/wlasl_pkls_cropFalse_defult_shape/01318.pkl,01318.pkl,affect,"(126, 182)",126,182,6.3,left_valid|right_valid|total_valid_index|2d|pred_2d|smplx|unsmooth_smplx|bb2img_trans|focal|princpt
/home/image/Desktop/SignAvatar_Generative_Project/data/annotations/wlasl_pkls_cropFalse_defult_shape/01320.pkl,01320.pkl,affect,"(109, 182)",109,182,5.45,left_valid|right_valid|total_valid_index|2d|pred_2d|smplx|unsmooth_smplx|bb2img_trans|focal|princpt
/home/image/Desktop/SignAvatar_Generative_Project/data/annotations/wlasl_pkls_cropFalse_defult_shape/01321.pkl,01321.pkl,affect,"(59, 182)",59,182,2.95,left_valid|right_valid|total_valid_index|2d|pred_2d|smplx|unsmooth_smplx|bb2img_trans|focal|princpt
/home/image/Desktop/SignAvatar_Generative_Project/data/annotations/wlasl_pkls_cropFalse_defult_shape/01322.pkl,01322.pkl,affect,"(40, 182)",40,182,2.0,left_valid|right_valid|total_valid_index|2d|pred_2d|smplx|unsmooth_smplx|bb2img_trans|focal|princpt
/home/image/Desktop/SignAvatar_Generative_Project/data/annotations/wlasl_pkls_cropFalse_defult_shape/01323.pkl,01323.pkl,affect,"(30, 182)",30,182,1.5,left_valid|right_valid|total_valid_index|2d|pred_2d|smplx|unsmooth_smplx|bb2img_trans|focal|princpt
/home/image/Desktop/SignAvatar_Generative_Project/data/annotations/wlasl_pkls_cropFalse_defult_shape/01325.pkl,01325.pkl,affect,"(63, 182)",63,182,3.15,left_valid|right_valid|total_valid_index|2d|pred_2d|smplx|unsmooth_smplx|bb2img_trans|focal|princpt
/home/image/Desktop/SignAvatar_Generative_Project/data/annotations/wlasl_pkls_cropFalse_defult_shape/01327.pkl,01327.pkl,affect,"(84, 182)",84,182,4.2,left_valid|right_valid|total_valid_index|2d|pred_2d|smplx|unsmooth_smplx|bb2img_trans|focal|princpt
/home/image/Desktop/SignAvatar_Generative_Project/data/annotations/wlasl_pkls_cropFalse_defult_shape/01372.pkl,01372.pkl,afraid,"(18, 182)",18,182,0.9,left_valid|right_valid|total_valid_index|2d|pred_2d|smplx|unsmooth_smplx|bb2img_trans|focal|princpt
/home/image/Desktop/SignAvatar_Generative_Project/data/annotations/wlasl_pkls_cropFalse_defult_shape/01373.pkl,01373.pkl,afraid,"(69, 182)",69,182,3.45,left_valid|right_valid|total_valid_index|2d|pred_2d|smplx|unsmooth_smplx|bb2img_trans|focal|princpt
/home/image/Desktop/SignAvatar_Generative_Project/data/annotations/wlasl_pkls_cropFalse_defult_shape/01374.pkl,01374.pkl,afraid,"(78, 182)",78,182,3.9,left_valid|right_valid|total_valid_index|2d|pred_2d|smplx|unsmooth_smplx|bb2img_trans|focal|princpt
/home/image/Desktop/SignAvatar_Generative_Project/data/annotations/wlasl_pkls_cropFalse_defult_shape/01375.pkl,01375.pkl,afraid,"(54, 182)",54,182,2.7,left_valid|right_valid|total_valid_index|2d|pred_2d|smplx|unsmooth_smplx|bb2img_trans|focal|princpt
/home/image/Desktop/SignAvatar_Generative_Project/data/annotations/wlasl_pkls_cropFalse_defult_shape/01376.pkl,01376.pkl,afraid,"(31, 182)",31,182,1.55,left_valid|right_valid|total_valid_index|2d|pred_2d|smplx|unsmooth_smplx|bb2img_trans|focal|princpt
/home/image/Desktop/SignAvatar_Generative_Project/data/annotations/wlasl_pkls_cropFalse_defult_shape/01377.pkl,01377.pkl,afraid,"(20, 182)",20,182,1.0,left_valid|right_valid|total_valid_index|2d|pred_2d|smplx|unsmooth_smplx|bb2img_trans|focal|princpt
/home/image/Desktop/SignAvatar_Generative_Project/data/annotations/wlasl_pkls_cropFalse_defult_shape/01379.pkl,01379.pkl,afraid,"(58, 182)",58,182,2.9,left_valid|right_valid|total_valid_index|2d|pred_2d|smplx|unsmooth_smplx|bb2img_trans|focal|princpt
/home/image/Desktop/SignAvatar_Generative_Project/data/annotations/wlasl_pkls_cropFalse_defult_shape/01381.pkl,01381.pkl,afraid,"(84, 182)",84,182,4.2,left_valid|right_valid|total_valid_index|2d|pred_2d|smplx|unsmooth_smplx|bb2img_trans|focal|princpt
/home/image/Desktop/SignAvatar_Generative_Project/data/annotations/wlasl_pkls_cropFalse_defult_shape/01382.pkl,01382.pkl,africa,"(36, 182)",36,182,1.8,left_valid|right_valid|total_valid_index|2d|pred_2d|smplx|unsmooth_smplx|bb2img_trans|focal|princpt
/home/image/Desktop/SignAvatar_Generative_Project/data/annotations/wlasl_pkls_cropFalse_defult_shape/01383.pkl,01383.pkl,africa,"(124, 182)",124,182,6.2,left_valid|right_valid|total_valid_index|2d|pred_2d|smplx|unsmooth_smplx|bb2img_trans|focal|princpt
/home/image/Desktop/SignAvatar_Generative_Project/data/annotations/wlasl_pkls_cropFalse_defult_shape/01385.pkl,01385.pkl,africa,"(50, 182)",50,182,2.5,left_valid|right_valid|total_valid_index|2d|pred_2d|smplx|unsmooth_smplx|bb2img_trans|focal|princpt
/home/image/Desktop/SignAvatar_Generative_Project/data/annotations/wlasl_pkls_cropFalse_defult_shape/01386.pkl,01386.pkl,africa,"(43, 182)",43,182,2.15,left_valid|right_valid|total_valid_index|2d|pred_2d|smplx|unsmooth_smplx|bb2img_trans|focal|princpt
/home/image/Desktop/SignAvatar_Generative_Project/data/annotations/wlasl_pkls_cropFalse_defult_shape/01387.pkl,01387.pkl,africa,"(42, 182)",42,182,2.1,left_valid|right_valid|total_valid_index|2d|pred_2d|smplx|unsmooth_smplx|bb2img_trans|focal|princpt
/home/image/Desktop/SignAvatar_Generative_Project/data/annotations/wlasl_pkls_cropFalse_defult_shape/01388.pkl,01388.pkl,africa,"(103, 182)",103,182,5.15,left_valid|right_valid|total_valid_index|2d|pred_2d|smplx|unsmooth_smplx|bb2img_trans|focal|princpt
/home/image/Desktop/SignAvatar_Generative_Project/data/annotations/wlasl_pkls_cropFalse_defult_shape/01390.pkl,01390.pkl,africa,"(50, 182)",50,182,2.5,left_valid|right_valid|total_valid_index|2d|pred_2d|smplx|unsmooth_smplx|bb2img_trans|focal|princpt
/home/image/Desktop/SignAvatar_Generative_Project/data/annotations/wlasl_pkls_cropFalse_defult_shape/01391.pkl,01391.pkl,africa,"(41, 182)",41,182,2.05,left_valid|right_valid|total_valid_index|2d|pred_2d|smplx|unsmooth_smplx|bb2img_trans|focal|princpt
/home/image/Desktop/SignAvatar_Generative_Project/data/annotations/wlasl_pkls_cropFalse_defult_shape/01392.pkl,01392.pkl,africa,"(63, 182)",63,182,3.15,left_valid|right_valid|total_valid_index|2d|pred_2d|smplx|unsmooth_smplx|bb2img_trans|focal|princpt
/home/image/Desktop/SignAvatar_Generative_Project/data/annotations/wlasl_pkls_cropFalse_defult_shape/01393.pkl,01393.pkl,africa,"(61, 182)",61,182,3.05,left_valid|right_valid|total_valid_index|2d|pred_2d|smplx|unsmooth_smplx|bb2img_trans|focal|princpt
/home/image/Desktop/SignAvatar_Generative_Project/data/annotations/wlasl_pkls_cropFalse_defult_shape/01394.pkl,01394.pkl,africa,"(72, 182)",72,182,3.6,left_valid|right_valid|total_valid_index|2d|pred_2d|smplx|unsmooth_smplx|bb2img_trans|focal|princpt
/home/image/Desktop/SignAvatar_Generative_Project/data/annotations/wlasl_pkls_cropFalse_defult_shape/01395.pkl,01395.pkl,africa,"(103, 182)",103,182,5.15,left_valid|right_valid|total_valid_index|2d|pred_2d|smplx|unsmooth_smplx|bb2img_trans|focal|princpt
/home/image/Desktop/SignAvatar_Generative_Project/data/annotations/wlasl_pkls_cropFalse_defult_shape/01396.pkl,01396.pkl,africa,"(56, 182)",56,182,2.8,left_valid|right_valid|total_valid_index|2d|pred_2d|smplx|unsmooth_smplx|bb2img_trans|focal|princpt
/home/image/Desktop/SignAvatar_Generative_Project/data/annotations/wlasl_pkls_cropFalse_defult_shape/01397.pkl,01397.pkl,africa,"(63, 182)",63,182,3.15,left_valid|right_valid|total_valid_index|2d|pred_2d|smplx|unsmooth_smplx|bb2img_trans|focal|princpt
/home/image/Desktop/SignAvatar_Generative_Project/data/annotations/wlasl_pkls_cropFalse_defult_shape/01398.pkl,01398.pkl,africa,"(66, 182)",66,182,3.3,left_valid|right_valid|total_valid_index|2d|pred_2d|smplx|unsmooth_smplx|bb2img_trans|focal|princpt
/home/image/Desktop/SignAvatar_Generative_Project/data/annotations/wlasl_pkls_cropFalse_defult_shape/01411.pkl,01411.pkl,after,"(3, 182)",3,182,0.15,left_valid|right_valid|total_valid_index|2d|pred_2d|smplx|unsmooth_smplx|bb2img_trans|focal|princpt
/home/image/Desktop/SignAvatar_Generative_Project/data/annotations/wlasl_pkls_cropFalse_defult_shape/01418.pkl,01418.pkl,after,"(106, 182)",106,182,5.3,left_valid|right_valid|total_valid_index|2d|pred_2d|smplx|unsmooth_smplx|bb2img_trans|focal|princpt
/home/image/Desktop/SignAvatar_Generative_Project/data/annotations/wlasl_pkls_cropFalse_defult_shape/01419.pkl,01419.pkl,after,"(65, 182)",65,182,3.25,left_valid|right_valid|total_valid_index|2d|pred_2d|smplx|unsmooth_smplx|bb2img_trans|focal|princpt
/home/image/Desktop/SignAvatar_Generative_Project/data/annotations/wlasl_pkls_cropFalse_defult_shape/01420.pkl,01420.pkl,after,"(38, 182)",38,182,1.9,left_valid|right_valid|total_valid_index|2d|pred_2d|smplx|unsmooth_smplx|bb2img_trans|focal|princpt
/home/image/Desktop/SignAvatar_Generative_Project/data/annotations/wlasl_pkls_cropFalse_defult_shape/01421.pkl,01421.pkl,after,"(27, 182)",27,182,1.35,left_valid|right_valid|total_valid_index|2d|pred_2d|smplx|unsmooth_smplx|bb2img_trans|focal|princpt
/home/image/Desktop/SignAvatar_Generative_Project/data/annotations/wlasl_pkls_cropFalse_defult_shape/01422.pkl,01422.pkl,after,"(60, 182)",60,182,3.0,left_valid|right_valid|total_valid_index|2d|pred_2d|smplx|unsmooth_smplx|bb2img_trans|focal|princpt
/home/image/Desktop/SignAvatar_Generative_Project/data/annotations/wlasl_pkls_cropFalse_defult_shape/01423.pkl,01423.pkl,after,"(54, 182)",54,182,2.7,left_valid|right_valid|total_valid_index|2d|pred_2d|smplx|unsmooth_smplx|bb2img_trans|focal|princpt
/home/image/Desktop/SignAvatar_Generative_Project/data/annotations/wlasl_pkls_cropFalse_defult_shape/01426.pkl,01426.pkl,after,"(71, 182)",71,182,3.55,left_valid|right_valid|total_valid_index|2d|pred_2d|smplx|unsmooth_smplx|bb2img_trans|focal|princpt
/home/image/Desktop/SignAvatar_Generative_Project/data/annotations/wlasl_pkls_cropFalse_defult_shape/01427.pkl,01427.pkl,after,"(60, 182)",60,182,3.0,left_valid|right_valid|total_valid_index|2d|pred_2d|smplx|unsmooth_smplx|bb2img_trans|focal|princpt
/home/image/Desktop/SignAvatar_Generative_Project/data/annotations/wlasl_pkls_cropFalse_defult_shape/01428.pkl,01428.pkl,after,"(65, 182)",65,182,3.25,left_valid|right_valid|total_valid_index|2d|pred_2d|smplx|unsmooth_smplx|bb2img_trans|focal|princpt
/home/image/Desktop/SignAvatar_Generative_Project/data/annotations/wlasl_pkls_cropFalse_defult_shape/01429.pkl,01429.pkl,afternoon,"(5, 182)",5,182,0.25,left_valid|right_valid|total_valid_index|2d|pred_2d|smplx|unsmooth_smplx|bb2img_trans|focal|princpt
/home/image/Desktop/SignAvatar_Generative_Project/data/annotations/wlasl_pkls_cropFalse_defult_shape/01433.pkl,01433.pkl,afternoon,"(70, 182)",70,182,3.5,left_valid|right_valid|total_valid_index|2d|pred_2d|smplx|unsmooth_smplx|bb2img_trans|focal|princpt
/home/image/Desktop/SignAvatar_Generative_Project/data/annotations/wlasl_pkls_cropFalse_defult_shape/01434.pkl,01434.pkl,afternoon,"(75, 182)",75,182,3.75,left_valid|right_valid|total_valid_index|2d|pred_2d|smplx|unsmooth_smplx|bb2img_trans|focal|princpt
/home/image/Desktop/SignAvatar_Generative_Project/data/annotations/wlasl_pkls_cropFalse_defult_shape/01435.pkl,01435.pkl,afternoon,"(53, 182)",53,182,2.65,left_valid|right_valid|total_valid_index|2d|pred_2d|smplx|unsmooth_smplx|bb2img_trans|focal|princpt
/home/image/Desktop/SignAvatar_Generative_Project/data/annotations/wlasl_pkls_cropFalse_defult_shape/01436.pkl,01436.pkl,afternoon,"(106, 182)",106,182,5.3,left_valid|right_valid|total_valid_index|2d|pred_2d|smplx|unsmooth_smplx|bb2img_trans|focal|princpt
/home/image/Desktop/SignAvatar_Generative_Project/data/annotations/wlasl_pkls_cropFalse_defult_shape/01437.pkl,01437.pkl,afternoon,"(47, 182)",47,182,2.35,left_valid|right_valid|total_valid_index|2d|pred_2d|smplx|unsmooth_smplx|bb2img_trans|focal|princpt
/home/image/Desktop/SignAvatar_Generative_Project/data/annotations/wlasl_pkls_cropFalse_defult_shape/01438.pkl,01438.pkl,afternoon,"(33, 182)",33,182,1.65,left_valid|right_valid|total_valid_index|2d|pred_2d|smplx|unsmooth_smplx|bb2img_trans|focal|princpt
/home/image/Desktop/SignAvatar_Generative_Project/data/annotations/wlasl_pkls_cropFalse_defult_shape/01440.pkl,01440.pkl,afternoon,"(83, 182)",83,182,4.15,left_valid|right_valid|total_valid_index|2d|pred_2d|smplx|unsmooth_smplx|bb2img_trans|focal|princpt
/home/image/Desktop/SignAvatar_Generative_Project/data/annotations/wlasl_pkls_cropFalse_defult_shape/01442.pkl,01442.pkl,afternoon,"(65, 182)",65,182,3.25,left_valid|right_valid|total_valid_index|2d|pred_2d|smplx|unsmooth_smplx|bb2img_trans|focal|princpt
/home/image/Desktop/SignAvatar_Generative_Project/data/annotations/wlasl_pkls_cropFalse_defult_shape/01457.pkl,01457.pkl,again,"(35, 182)",35,182,1.75,left_valid|right_valid|total_valid_index|2d|pred_2d|smplx|unsmooth_smplx|bb2img_trans|focal|princpt
/home/image/Desktop/SignAvatar_Generative_Project/data/annotations/wlasl_pkls_cropFalse_defult_shape/01460.pkl,01460.pkl,again,"(71, 182)",71,182,3.55,left_valid|right_valid|total_valid_index|2d|pred_2d|smplx|unsmooth_smplx|bb2img_trans|focal|princpt
/home/image/Desktop/SignAvatar_Generative_Project/data/annotations/wlasl_pkls_cropFalse_defult_shape/01461.pkl,01461.pkl,again,"(70, 182)",70,182,3.5,left_valid|right_valid|total_valid_index|2d|pred_2d|smplx|unsmooth_smplx|bb2img_trans|focal|princpt
/home/image/Desktop/SignAvatar_Generative_Project/data/annotations/wlasl_pkls_cropFalse_defult_shape/01462.pkl,01462.pkl,again,"(44, 182)",44,182,2.2,left_valid|right_valid|total_valid_index|2d|pred_2d|smplx|unsmooth_smplx|bb2img_trans|focal|princpt
/home/image/Desktop/SignAvatar_Generative_Project/data/annotations/wlasl_pkls_cropFalse_defult_shape/01463.pkl,01463.pkl,again,"(89, 182)",89,182,4.45,left_valid|right_valid|total_valid_index|2d|pred_2d|smplx|unsmooth_smplx|bb2img_trans|focal|princpt
/home/image/Desktop/SignAvatar_Generative_Project/data/annotations/wlasl_pkls_cropFalse_defult_shape/01464.pkl,01464.pkl,again,"(64, 182)",64,182,3.2,left_valid|right_valid|total_valid_index|2d|pred_2d|smplx|unsmooth_smplx|bb2img_trans|focal|princpt
/home/image/Desktop/SignAvatar_Generative_Project/data/annotations/wlasl_pkls_cropFalse_defult_shape/01466.pkl,01466.pkl,again,"(43, 182)",43,182,2.15,left_valid|right_valid|total_valid_index|2d|pred_2d|smplx|unsmooth_smplx|bb2img_trans|focal|princpt
/home/image/Desktop/SignAvatar_Generative_Project/data/annotations/wlasl_pkls_cropFalse_defult_shape/01467.pkl,01467.pkl,again,"(89, 182)",89,182,4.45,left_valid|right_valid|total_valid_index|2d|pred_2d|smplx|unsmooth_smplx|bb2img_trans|focal|princpt
/home/image/Desktop/SignAvatar_Generative_Project/data/annotations/wlasl_pkls_cropFalse_defult_shape/01468.pkl,01468.pkl,again,"(75, 182)",75,182,3.75,left_valid|right_valid|total_valid_index|2d|pred_2d|smplx|unsmooth_smplx|bb2img_trans|focal|princpt
/home/image/Desktop/SignAvatar_Generative_Project/data/annotations/wlasl_pkls_cropFalse_defult_shape/01469.pkl,01469.pkl,again,"(66, 182)",66,182,3.3,left_valid|right_valid|total_valid_index|2d|pred_2d|smplx|unsmooth_smplx|bb2img_trans|focal|princpt
/home/image/Desktop/SignAvatar_Generative_Project/data/annotations/wlasl_pkls_cropFalse_defult_shape/01470.pkl,01470.pkl,again,"(70, 182)",70,182,3.5,left_valid|right_valid|total_valid_index|2d|pred_2d|smplx|unsmooth_smplx|bb2img_trans|focal|princpt
/home/image/Desktop/SignAvatar_Generative_Project/data/annotations/wlasl_pkls_cropFalse_defult_shape/01471.pkl,01471.pkl,again,"(63, 182)",63,182,3.15,left_valid|right_valid|total_valid_index|2d|pred_2d|smplx|unsmooth_smplx|bb2img_trans|focal|princpt
/home/image/Desktop/SignAvatar_Generative_Project/data/annotations/wlasl_pkls_cropFalse_defult_shape/01472.pkl,01472.pkl,against,"(43, 182)",43,182,2.15,left_valid|right_valid|total_valid_index|2d|pred_2d|smplx|unsmooth_smplx|bb2img_trans|focal|princpt
/home/image/Desktop/SignAvatar_Generative_Project/data/annotations/wlasl_pkls_cropFalse_defult_shape/01473.pkl,01473.pkl,against,"(94, 182)",94,182,4.7,left_valid|right_valid|total_valid_index|2d|pred_2d|smplx|unsmooth_smplx|bb2img_trans|focal|princpt
/home/image/Desktop/SignAvatar_Generative_Project/data/annotations/wlasl_pkls_cropFalse_defult_shape/01474.pkl,01474.pkl,against,"(84, 182)",84,182,4.2,left_valid|right_valid|total_valid_index|2d|pred_2d|smplx|unsmooth_smplx|bb2img_trans|focal|princpt
/home/image/Desktop/SignAvatar_Generative_Project/data/annotations/wlasl_pkls_cropFalse_defult_shape/01475.pkl,01475.pkl,against,"(55, 182)",55,182,2.75,left_valid|right_valid|total_valid_index|2d|pred_2d|smplx|unsmooth_smplx|bb2img_trans|focal|princpt
/home/image/Desktop/SignAvatar_Generative_Project/data/annotations/wlasl_pkls_cropFalse_defult_shape/01477.pkl,01477.pkl,against,"(38, 182)",38,182,1.9,left_valid|right_valid|total_valid_index|2d|pred_2d|smplx|unsmooth_smplx|bb2img_trans|focal|princpt
/home/image/Desktop/SignAvatar_Generative_Project/data/annotations/wlasl_pkls_cropFalse_defult_shape/01478.pkl,01478.pkl,against,"(56, 182)",56,182,2.8,left_valid|right_valid|total_valid_index|2d|pred_2d|smplx|unsmooth_smplx|bb2img_trans|focal|princpt
/home/image/Desktop/SignAvatar_Generative_Project/data/annotations/wlasl_pkls_cropFalse_defult_shape/01479.pkl,01479.pkl,against,"(79, 182)",79,182,3.95,left_valid|right_valid|total_valid_index|2d|pred_2d|smplx|unsmooth_smplx|bb2img_trans|focal|princpt
/home/image/Desktop/SignAvatar_Generative_Project/data/annotations/wlasl_pkls_cropFalse_defult_shape/01482.pkl,01482.pkl,age,"(32, 182)",32,182,1.6,left_valid|right_valid|total_valid_index|2d|pred_2d|smplx|unsmooth_smplx|bb2img_trans|focal|princpt
/home/image/Desktop/SignAvatar_Generative_Project/data/annotations/wlasl_pkls_cropFalse_defult_shape/01485.pkl,01485.pkl,age,"(72, 182)",72,182,3.6,left_valid|right_valid|total_valid_index|2d|pred_2d|smplx|unsmooth_smplx|bb2img_trans|focal|princpt
/home/image/Desktop/SignAvatar_Generative_Project/data/annotations/wlasl_pkls_cropFalse_defult_shape/01486.pkl,01486.pkl,age,"(33, 182)",33,182,1.65,left_valid|right_valid|total_valid_index|2d|pred_2d|smplx|unsmooth_smplx|bb2img_trans|focal|princpt
/home/image/Desktop/SignAvatar_Generative_Project/data/annotations/wlasl_pkls_cropFalse_defult_shape/01487.pkl,01487.pkl,age,"(74, 182)",74,182,3.7,left_valid|right_valid|total_valid_index|2d|pred_2d|smplx|unsmooth_smplx|bb2img_trans|focal|princpt
/home/image/Desktop/SignAvatar_Generative_Project/data/annotations/wlasl_pkls_cropFalse_defult_shape/01488.pkl,01488.pkl,age,"(28, 182)",28,182,1.4,left_valid|right_valid|total_valid_index|2d|pred_2d|smplx|unsmooth_smplx|bb2img_trans|focal|princpt
/home/image/Desktop/SignAvatar_Generative_Project/data/annotations/wlasl_pkls_cropFalse_defult_shape/01489.pkl,01489.pkl,age,"(43, 182)",43,182,2.15,left_valid|right_valid|total_valid_index|2d|pred_2d|smplx|unsmooth_smplx|bb2img_trans|focal|princpt
/home/image/Desktop/SignAvatar_Generative_Project/data/annotations/wlasl_pkls_cropFalse_defult_shape/01490.pkl,01490.pkl,age,"(28, 182)",28,182,1.4,left_valid|right_valid|total_valid_index|2d|pred_2d|smplx|unsmooth_smplx|bb2img_trans|focal|princpt
/home/image/Desktop/SignAvatar_Generative_Project/data/annotations/wlasl_pkls_cropFalse_defult_shape/01491.pkl,01491.pkl,age,"(45, 182)",45,182,2.25,left_valid|right_valid|total_valid_index|2d|pred_2d|smplx|unsmooth_smplx|bb2img_trans|focal|princpt
/home/image/Desktop/SignAvatar_Generative_Project/data/annotations/wlasl_pkls_cropFalse_defult_shape/01494.pkl,01494.pkl,age,"(50, 182)",50,182,2.5,left_valid|right_valid|total_valid_index|2d|pred_2d|smplx|unsmooth_smplx|bb2img_trans|focal|princpt
/home/image/Desktop/SignAvatar_Generative_Project/data/annotations/wlasl_pkls_cropFalse_defult_shape/01495.pkl,01495.pkl,age,"(63, 182)",63,182,3.15,left_valid|right_valid|total_valid_index|2d|pred_2d|smplx|unsmooth_smplx|bb2img_trans|focal|princpt
/home/image/Desktop/SignAvatar_Generative_Project/data/annotations/wlasl_pkls_cropFalse_defult_shape/01504.pkl,01504.pkl,agenda,"(47, 182)",47,182,2.35,left_valid|right_valid|total_valid_index|2d|pred_2d|smplx|unsmooth_smplx|bb2img_trans|focal|princpt
/home/image/Desktop/SignAvatar_Generative_Project/data/annotations/wlasl_pkls_cropFalse_defult_shape/01505.pkl,01505.pkl,agenda,"(81, 182)",81,182,4.05,left_valid|right_valid|total_valid_index|2d|pred_2d|smplx|unsmooth_smplx|bb2img_trans|focal|princpt
/home/image/Desktop/SignAvatar_Generative_Project/data/annotations/wlasl_pkls_cropFalse_defult_shape/01506.pkl,01506.pkl,agenda,"(37, 182)",37,182,1.85,left_valid|right_valid|total_valid_index|2d|pred_2d|smplx|unsmooth_smplx|bb2img_trans|focal|princpt
/home/image/Desktop/SignAvatar_Generative_Project/data/annotations/wlasl_pkls_cropFalse_defult_shape/01507.pkl,01507.pkl,agenda,"(38, 182)",38,182,1.9,left_valid|right_valid|total_valid_index|2d|pred_2d|smplx|unsmooth_smplx|bb2img_trans|focal|princpt
/home/image/Desktop/SignAvatar_Generative_Project/data/annotations/wlasl_pkls_cropFalse_defult_shape/01509.pkl,01509.pkl,agenda,"(68, 182)",68,182,3.4,left_valid|right_valid|total_valid_index|2d|pred_2d|smplx|unsmooth_smplx|bb2img_trans|focal|princpt
/home/image/Desktop/SignAvatar_Generative_Project/data/annotations/wlasl_pkls_cropFalse_defult_shape/01513.pkl,01513.pkl,agenda,"(59, 182)",59,182,2.95,left_valid|right_valid|total_valid_index|2d|pred_2d|smplx|unsmooth_smplx|bb2img_trans|focal|princpt
/home/image/Desktop/SignAvatar_Generative_Project/data/annotations/wlasl_pkls_cropFalse_defult_shape/01515.pkl,01515.pkl,agenda,"(67, 182)",67,182,3.35,left_valid|right_valid|total_valid_index|2d|pred_2d|smplx|unsmooth_smplx|bb2img_trans|focal|princpt
/home/image/Desktop/SignAvatar_Generative_Project/data/annotations/wlasl_pkls_cropFalse_defult_shape/01551.pkl,01551.pkl,ago,"(38, 182)",38,182,1.9,left_valid|right_valid|total_valid_index|2d|pred_2d|smplx|unsmooth_smplx|bb2img_trans|focal|princpt
/home/image/Desktop/SignAvatar_Generative_Project/data/annotations/wlasl_pkls_cropFalse_defult_shape/01552.pkl,01552.pkl,ago,"(69, 182)",69,182,3.45,left_valid|right_valid|total_valid_index|2d|pred_2d|smplx|unsmooth_smplx|bb2img_trans|focal|princpt
/home/image/Desktop/SignAvatar_Generative_Project/data/annotations/wlasl_pkls_cropFalse_defult_shape/01553.pkl,01553.pkl,ago,"(47, 182)",47,182,2.35,left_valid|right_valid|total_valid_index|2d|pred_2d|smplx|unsmooth_smplx|bb2img_trans|focal|princpt
/home/image/Desktop/SignAvatar_Generative_Project/data/annotations/wlasl_pkls_cropFalse_defult_shape/01554.pkl,01554.pkl,ago,"(83, 182)",83,182,4.15,left_valid|right_valid|total_valid_index|2d|pred_2d|smplx|unsmooth_smplx|bb2img_trans|focal|princpt
/home/image/Desktop/SignAvatar_Generative_Project/data/annotations/wlasl_pkls_cropFalse_defult_shape/01555.pkl,01555.pkl,ago,"(51, 182)",51,182,2.55,left_valid|right_valid|total_valid_index|2d|pred_2d|smplx|unsmooth_smplx|bb2img_trans|focal|princpt
/home/image/Desktop/SignAvatar_Generative_Project/data/annotations/wlasl_pkls_cropFalse_defult_shape/01556.pkl,01556.pkl,ago,"(28, 182)",28,182,1.4,left_valid|right_valid|total_valid_index|2d|pred_2d|smplx|unsmooth_smplx|bb2img_trans|focal|princpt
/home/image/Desktop/SignAvatar_Generative_Project/data/annotations/wlasl_pkls_cropFalse_defult_shape/01557.pkl,01557.pkl,ago,"(25, 182)",25,182,1.25,left_valid|right_valid|total_valid_index|2d|pred_2d|smplx|unsmooth_smplx|bb2img_trans|focal|princpt
/home/image/Desktop/SignAvatar_Generative_Project/data/annotations/wlasl_pkls_cropFalse_defult_shape/01558.pkl,01558.pkl,ago,"(30, 182)",30,182,1.5,left_valid|right_valid|total_valid_index|2d|pred_2d|smplx|unsmooth_smplx|bb2img_trans|focal|princpt
/home/image/Desktop/SignAvatar_Generative_Project/data/annotations/wlasl_pkls_cropFalse_defult_shape/01560.pkl,01560.pkl,ago,"(41, 182)",41,182,2.05,left_valid|right_valid|total_valid_index|2d|pred_2d|smplx|unsmooth_smplx|bb2img_trans|focal|princpt
/home/image/Desktop/SignAvatar_Generative_Project/data/annotations/wlasl_pkls_cropFalse_defult_shape/01561.pkl,01561.pkl,ago,"(33, 182)",33,182,1.65,left_valid|right_valid|total_valid_index|2d|pred_2d|smplx|unsmooth_smplx|bb2img_trans|focal|princpt
/home/image/Desktop/SignAvatar_Generative_Project/data/annotations/wlasl_pkls_cropFalse_defult_shape/01562.pkl,01562.pkl,ago,"(48, 182)",48,182,2.4,left_valid|right_valid|total_valid_index|2d|pred_2d|smplx|unsmooth_smplx|bb2img_trans|focal|princpt
/home/image/Desktop/SignAvatar_Generative_Project/data/annotations/wlasl_pkls_cropFalse_defult_shape/01564.pkl,01564.pkl,ago,"(68, 182)",68,182,3.4,left_valid|right_valid|total_valid_index|2d|pred_2d|smplx|unsmooth_smplx|bb2img_trans|focal|princpt
/home/image/Desktop/SignAvatar_Generative_Project/data/annotations/wlasl_pkls_cropFalse_defult_shape/01572.pkl,01572.pkl,agree,"(32, 182)",32,182,1.6,left_valid|right_valid|total_valid_index|2d|pred_2d|smplx|unsmooth_smplx|bb2img_trans|focal|princpt
/home/image/Desktop/SignAvatar_Generative_Project/data/annotations/wlasl_pkls_cropFalse_defult_shape/01575.pkl,01575.pkl,agree,"(95, 182)",95,182,4.75,left_valid|right_valid|total_valid_index|2d|pred_2d|smplx|unsmooth_smplx|bb2img_trans|focal|princpt
/home/image/Desktop/SignAvatar_Generative_Project/data/annotations/wlasl_pkls_cropFalse_defult_shape/01576.pkl,01576.pkl,agree,"(37, 182)",37,182,1.85,left_valid|right_valid|total_valid_index|2d|pred_2d|smplx|unsmooth_smplx|bb2img_trans|focal|princpt
/home/image/Desktop/SignAvatar_Generative_Project/data/annotations/wlasl_pkls_cropFalse_defult_shape/01577.pkl,01577.pkl,agree,"(103, 182)",103,182,5.15,left_valid|right_valid|total_valid_index|2d|pred_2d|smplx|unsmooth_smplx|bb2img_trans|focal|princpt
/home/image/Desktop/SignAvatar_Generative_Project/data/annotations/wlasl_pkls_cropFalse_defult_shape/01578.pkl,01578.pkl,agree,"(55, 182)",55,182,2.75,left_valid|right_valid|total_valid_index|2d|pred_2d|smplx|unsmooth_smplx|bb2img_trans|focal|princpt
/home/image/Desktop/SignAvatar_Generative_Project/data/annotations/wlasl_pkls_cropFalse_defult_shape/01579.pkl,01579.pkl,agree,"(38, 182)",38,182,1.9,left_valid|right_valid|total_valid_index|2d|pred_2d|smplx|unsmooth_smplx|bb2img_trans|focal|princpt
/home/image/Desktop/SignAvatar_Generative_Project/data/annotations/wlasl_pkls_cropFalse_defult_shape/01580.pkl,01580.pkl,agree,"(58, 182)",58,182,2.9,left_valid|right_valid|total_valid_index|2d|pred_2d|smplx|unsmooth_smplx|bb2img_trans|focal|princpt
/home/image/Desktop/SignAvatar_Generative_Project/data/annotations/wlasl_pkls_cropFalse_defult_shape/01581.pkl,01581.pkl,agree,"(63, 182)",63,182,3.15,left_valid|right_valid|total_valid_index|2d|pred_2d|smplx|unsmooth_smplx|bb2img_trans|focal|princpt
/home/image/Desktop/SignAvatar_Generative_Project/data/annotations/wlasl_pkls_cropFalse_defult_shape/01583.pkl,01583.pkl,agreement,"(95, 182)",95,182,4.75,left_valid|right_valid|total_valid_index|2d|pred_2d|smplx|unsmooth_smplx|bb2img_trans|focal|princpt
/home/image/Desktop/SignAvatar_Generative_Project/data/annotations/wlasl_pkls_cropFalse_defult_shape/01584.pkl,01584.pkl,agreement,"(37, 182)",37,182,1.85,left_valid|right_valid|total_valid_index|2d|pred_2d|smplx|unsmooth_smplx|bb2img_trans|focal|princpt
/home/image/Desktop/SignAvatar_Generative_Project/data/annotations/wlasl_pkls_cropFalse_defult_shape/01585.pkl,01585.pkl,agreement,"(69, 182)",69,182,3.45,left_valid|right_valid|total_valid_index|2d|pred_2d|smplx|unsmooth_smplx|bb2img_trans|focal|princpt
/home/image/Desktop/SignAvatar_Generative_Project/data/annotations/wlasl_pkls_cropFalse_defult_shape/01586.pkl,01586.pkl,agreement,"(38, 182)",38,182,1.9,left_valid|right_valid|total_valid_index|2d|pred_2d|smplx|unsmooth_smplx|bb2img_trans|focal|princpt
/home/image/Desktop/SignAvatar_Generative_Project/data/annotations/wlasl_pkls_cropFalse_defult_shape/01587.pkl,01587.pkl,agreement,"(58, 182)",58,182,2.9,left_valid|right_valid|total_valid_index|2d|pred_2d|smplx|unsmooth_smplx|bb2img_trans|focal|princpt
/home/image/Desktop/SignAvatar_Generative_Project/data/annotations/wlasl_pkls_cropFalse_defult_shape/01596.pkl,01596.pkl,ahead,"(46, 182)",46,182,2.3,left_valid|right_valid|total_valid_index|2d|pred_2d|smplx|unsmooth_smplx|bb2img_trans|focal|princpt
/home/image/Desktop/SignAvatar_Generative_Project/data/annotations/wlasl_pkls_cropFalse_defult_shape/01598.pkl,01598.pkl,ahead,"(51, 182)",51,182,2.55,left_valid|right_valid|total_valid_index|2d|pred_2d|smplx|unsmooth_smplx|bb2img_trans|focal|princpt
/home/image/Desktop/SignAvatar_Generative_Project/data/annotations/wlasl_pkls_cropFalse_defult_shape/01599.pkl,01599.pkl,ahead,"(100, 182)",100,182,5.0,left_valid|right_valid|total_valid_index|2d|pred_2d|smplx|unsmooth_smplx|bb2img_trans|focal|princpt
/home/image/Desktop/SignAvatar_Generative_Project/data/annotations/wlasl_pkls_cropFalse_defult_shape/01601.pkl,01601.pkl,ahead,"(53, 182)",53,182,2.65,left_valid|right_valid|total_valid_index|2d|pred_2d|smplx|unsmooth_smplx|bb2img_trans|focal|princpt
/home/image/Desktop/SignAvatar_Generative_Project/data/annotations/wlasl_pkls_cropFalse_defult_shape/01602.pkl,01602.pkl,ahead,"(43, 182)",43,182,2.15,left_valid|right_valid|total_valid_index|2d|pred_2d|smplx|unsmooth_smplx|bb2img_trans|focal|princpt
/home/image/Desktop/SignAvatar_Generative_Project/data/annotations/wlasl_pkls_cropFalse_defult_shape/01603.pkl,01603.pkl,ahead,"(77, 182)",77,182,3.85,left_valid|right_valid|total_valid_index|2d|pred_2d|smplx|unsmooth_smplx|bb2img_trans|focal|princpt
/home/image/Desktop/SignAvatar_Generative_Project/data/annotations/wlasl_pkls_cropFalse_defult_shape/01604.pkl,01604.pkl,ahead,"(77, 182)",77,182,3.85,left_valid|right_valid|total_valid_index|2d|pred_2d|smplx|unsmooth_smplx|bb2img_trans|focal|princpt
/home/image/Desktop/SignAvatar_Generative_Project/data/annotations/wlasl_pkls_cropFalse_defult_shape/01605.pkl,01605.pkl,ahead,"(63, 182)",63,182,3.15,left_valid|right_valid|total_valid_index|2d|pred_2d|smplx|unsmooth_smplx|bb2img_trans|focal|princpt
/home/image/Desktop/SignAvatar_Generative_Project/data/annotations/wlasl_pkls_cropFalse_defult_shape/01610.pkl,01610.pkl,a,"(106, 182)",106,182,5.3,left_valid|right_valid|total_valid_index|2d|pred_2d|smplx|unsmooth_smplx|bb2img_trans|focal|princpt
/home/image/Desktop/SignAvatar_Generative_Project/data/annotations/wlasl_pkls_cropFalse_defult_shape/01611.pkl,01611.pkl,a,"(43, 182)",43,182,2.15,left_valid|right_valid|total_valid_index|2d|pred_2d|smplx|unsmooth_smplx|bb2img_trans|focal|princpt
/home/image/Desktop/SignAvatar_Generative_Project/data/annotations/wlasl_pkls_cropFalse_defult_shape/01612.pkl,01612.pkl,a,"(27, 182)",27,182,1.35,left_valid|right_valid|total_valid_index|2d|pred_2d|smplx|unsmooth_smplx|bb2img_trans|focal|princpt
/home/image/Desktop/SignAvatar_Generative_Project/data/annotations/wlasl_pkls_cropFalse_defult_shape/01613.pkl,01613.pkl,a,"(70, 182)",70,182,3.5,left_valid|right_valid|total_valid_index|2d|pred_2d|smplx|unsmooth_smplx|bb2img_trans|focal|princpt
/home/image/Desktop/SignAvatar_Generative_Project/data/annotations/wlasl_pkls_cropFalse_defult_shape/01614.pkl,01614.pkl,a,"(52, 182)",52,182,2.6,left_valid|right_valid|total_valid_index|2d|pred_2d|smplx|unsmooth_smplx|bb2img_trans|focal|princpt
/home/image/Desktop/SignAvatar_Generative_Project/data/annotations/wlasl_pkls_cropFalse_defult_shape/01615.pkl,01615.pkl,a,"(71, 182)",71,182,3.55,left_valid|right_valid|total_valid_index|2d|pred_2d|smplx|unsmooth_smplx|bb2img_trans|focal|princpt
/home/image/Desktop/SignAvatar_Generative_Project/data/annotations/wlasl_pkls_cropFalse_defult_shape/01621.pkl,01621.pkl,aid,"(75, 182)",75,182,3.75,left_valid|right_valid|total_valid_index|2d|pred_2d|smplx|unsmooth_smplx|bb2img_trans|focal|princpt
/home/image/Desktop/SignAvatar_Generative_Project/data/annotations/wlasl_pkls_cropFalse_defult_shape/01622.pkl,01622.pkl,aid,"(49, 182)",49,182,2.45,left_valid|right_valid|total_valid_index|2d|pred_2d|smplx|unsmooth_smplx|bb2img_trans|focal|princpt
/home/image/Desktop/SignAvatar_Generative_Project/data/annotations/wlasl_pkls_cropFalse_defult_shape/01624.pkl,01624.pkl,aid,"(95, 182)",95,182,4.75,left_valid|right_valid|total_valid_index|2d|pred_2d|smplx|unsmooth_smplx|bb2img_trans|focal|princpt
/home/image/Desktop/SignAvatar_Generative_Project/data/annotations/wlasl_pkls_cropFalse_defult_shape/01625.pkl,01625.pkl,aid,"(58, 182)",58,182,2.9,left_valid|right_valid|total_valid_index|2d|pred_2d|smplx|unsmooth_smplx|bb2img_trans|focal|princpt
/home/image/Desktop/SignAvatar_Generative_Project/data/annotations/wlasl_pkls_cropFalse_defult_shape/01626.pkl,01626.pkl,aid,"(43, 182)",43,182,2.15,left_valid|right_valid|total_valid_index|2d|pred_2d|smplx|unsmooth_smplx|bb2img_trans|focal|princpt
/home/image/Desktop/SignAvatar_Generative_Project/data/annotations/wlasl_pkls_cropFalse_defult_shape/01627.pkl,01627.pkl,aid,"(27, 182)",27,182,1.35,left_valid|right_valid|total_valid_index|2d|pred_2d|smplx|unsmooth_smplx|bb2img_trans|focal|princpt
/home/image/Desktop/SignAvatar_Generative_Project/data/annotations/wlasl_pkls_cropFalse_defult_shape/01628.pkl,01628.pkl,aid,"(62, 182)",62,182,3.1,left_valid|right_valid|total_valid_index|2d|pred_2d|smplx|unsmooth_smplx|bb2img_trans|focal|princpt
/home/image/Desktop/SignAvatar_Generative_Project/data/annotations/wlasl_pkls_cropFalse_defult_shape/01642.pkl,01642.pkl,aim,"(106, 182)",106,182,5.3,left_valid|right_valid|total_valid_index|2d|pred_2d|smplx|unsmooth_smplx|bb2img_trans|focal|princpt
/home/image/Desktop/SignAvatar_Generative_Project/data/annotations/wlasl_pkls_cropFalse_defult_shape/01643.pkl,01643.pkl,aim,"(114, 182)",114,182,5.7,left_valid|right_valid|total_valid_index|2d|pred_2d|smplx|unsmooth_smplx|bb2img_trans|focal|princpt
/home/image/Desktop/SignAvatar_Generative_Project/data/annotations/wlasl_pkls_cropFalse_defult_shape/01644.pkl,01644.pkl,aim,"(57, 182)",57,182,2.85,left_valid|right_valid|total_valid_index|2d|pred_2d|smplx|unsmooth_smplx|bb2img_trans|focal|princpt
/home/image/Desktop/SignAvatar_Generative_Project/data/annotations/wlasl_pkls_cropFalse_defult_shape/01645.pkl,01645.pkl,aim,"(35, 182)",35,182,1.75,left_valid|right_valid|total_valid_index|2d|pred_2d|smplx|unsmooth_smplx|bb2img_trans|focal|princpt
/home/image/Desktop/SignAvatar_Generative_Project/data/annotations/wlasl_pkls_cropFalse_defult_shape/01646.pkl,01646.pkl,aim,"(41, 182)",41,182,2.05,left_valid|right_valid|total_valid_index|2d|pred_2d|smplx|unsmooth_smplx|bb2img_trans|focal|princpt
/home/image/Desktop/SignAvatar_Generative_Project/data/annotations/wlasl_pkls_cropFalse_defult_shape/01651.pkl,01651.pkl,aim,"(60, 182)",60,182,3.0,left_valid|right_valid|total_valid_index|2d|pred_2d|smplx|unsmooth_smplx|bb2img_trans|focal|princpt
/home/image/Desktop/SignAvatar_Generative_Project/data/annotations/wlasl_pkls_cropFalse_defult_shape/01652.pkl,01652.pkl,aim,"(77, 182)",77,182,3.85,left_valid|right_valid|total_valid_index|2d|pred_2d|smplx|unsmooth_smplx|bb2img_trans|focal|princpt
/home/image/Desktop/SignAvatar_Generative_Project/data/annotations/wlasl_pkls_cropFalse_defult_shape/01653.pkl,01653.pkl,aim,"(64, 182)",64,182,3.2,left_valid|right_valid|total_valid_index|2d|pred_2d|smplx|unsmooth_smplx|bb2img_trans|focal|princpt
/home/image/Desktop/SignAvatar_Generative_Project/data/annotations/wlasl_pkls_cropFalse_defult_shape/01721.pkl,01721.pkl,airplane,"(49, 182)",49,182,2.45,left_valid|right_valid|total_valid_index|2d|pred_2d|smplx|unsmooth_smplx|bb2img_trans|focal|princpt
/home/image/Desktop/SignAvatar_Generative_Project/data/annotations/wlasl_pkls_cropFalse_defult_shape/01724.pkl,01724.pkl,airplane,"(86, 182)",86,182,4.3,left_valid|right_valid|total_valid_index|2d|pred_2d|smplx|unsmooth_smplx|bb2img_trans|focal|princpt
/home/image/Desktop/SignAvatar_Generative_Project/data/annotations/wlasl_pkls_cropFalse_defult_shape/01726.pkl,01726.pkl,airplane,"(42, 182)",42,182,2.1,left_valid|right_valid|total_valid_index|2d|pred_2d|smplx|unsmooth_smplx|bb2img_trans|focal|princpt
/home/image/Desktop/SignAvatar_Generative_Project/data/annotations/wlasl_pkls_cropFalse_defult_shape/01727.pkl,01727.pkl,airplane,"(98, 182)",98,182,4.9,left_valid|right_valid|total_valid_index|2d|pred_2d|smplx|unsmooth_smplx|bb2img_trans|focal|princpt
/home/image/Desktop/SignAvatar_Generative_Project/data/annotations/wlasl_pkls_cropFalse_defult_shape/01728.pkl,01728.pkl,airplane,"(23, 182)",23,182,1.15,left_valid|right_valid|total_valid_index|2d|pred_2d|smplx|unsmooth_smplx|bb2img_trans|focal|princpt
/home/image/Desktop/SignAvatar_Generative_Project/data/annotations/wlasl_pkls_cropFalse_defult_shape/01729.pkl,01729.pkl,airplane,"(33, 182)",33,182,1.65,left_valid|right_valid|total_valid_index|2d|pred_2d|smplx|unsmooth_smplx|bb2img_trans|focal|princpt
/home/image/Desktop/SignAvatar_Generative_Project/data/annotations/wlasl_pkls_cropFalse_defult_shape/01730.pkl,01730.pkl,airplane,"(79, 182)",79,182,3.95,left_valid|right_valid|total_valid_index|2d|pred_2d|smplx|unsmooth_smplx|bb2img_trans|focal|princpt
/home/image/Desktop/SignAvatar_Generative_Project/data/annotations/wlasl_pkls_cropFalse_defult_shape/01733.pkl,01733.pkl,airplane,"(52, 182)",52,182,2.6,left_valid|right_valid|total_valid_index|2d|pred_2d|smplx|unsmooth_smplx|bb2img_trans|focal|princpt
/home/image/Desktop/SignAvatar_Generative_Project/data/annotations/wlasl_pkls_cropFalse_defult_shape/01734.pkl,01734.pkl,airplane,"(81, 182)",81,182,4.05,left_valid|right_valid|total_valid_index|2d|pred_2d|smplx|unsmooth_smplx|bb2img_trans|focal|princpt
/home/image/Desktop/SignAvatar_Generative_Project/data/annotations/wlasl_pkls_cropFalse_defult_shape/01796.pkl,01796.pkl,alarm,"(30, 182)",30,182,1.5,left_valid|right_valid|total_valid_index|2d|pred_2d|smplx|unsmooth_smplx|bb2img_trans|focal|princpt
/home/image/Desktop/SignAvatar_Generative_Project/data/annotations/wlasl_pkls_cropFalse_defult_shape/01801.pkl,01801.pkl,alarm,"(84, 182)",84,182,4.2,left_valid|right_valid|total_valid_index|2d|pred_2d|smplx|unsmooth_smplx|bb2img_trans|focal|princpt
/home/image/Desktop/SignAvatar_Generative_Project/data/annotations/wlasl_pkls_cropFalse_defult_shape/01802.pkl,01802.pkl,alarm,"(67, 182)",67,182,3.35,left_valid|right_valid|total_valid_index|2d|pred_2d|smplx|unsmooth_smplx|bb2img_trans|focal|princpt
/home/image/Desktop/SignAvatar_Generative_Project/data/annotations/wlasl_pkls_cropFalse_defult_shape/01803.pkl,01803.pkl,alarm,"(55, 182)",55,182,2.75,left_valid|right_valid|total_valid_index|2d|pred_2d|smplx|unsmooth_smplx|bb2img_trans|focal|princpt
/home/image/Desktop/SignAvatar_Generative_Project/data/annotations/wlasl_pkls_cropFalse_defult_shape/01804.pkl,01804.pkl,alarm,"(41, 182)",41,182,2.05,left_valid|right_valid|total_valid_index|2d|pred_2d|smplx|unsmooth_smplx|bb2img_trans|focal|princpt
/home/image/Desktop/SignAvatar_Generative_Project/data/annotations/wlasl_pkls_cropFalse_defult_shape/01805.pkl,01805.pkl,alarm,"(57, 182)",57,182,2.85,left_valid|right_valid|total_valid_index|2d|pred_2d|smplx|unsmooth_smplx|bb2img_trans|focal|princpt
/home/image/Desktop/SignAvatar_Generative_Project/data/annotations/wlasl_pkls_cropFalse_defult_shape/01806.pkl,01806.pkl,alarm,"(63, 182)",63,182,3.15,left_valid|right_valid|total_valid_index|2d|pred_2d|smplx|unsmooth_smplx|bb2img_trans|focal|princpt
/home/image/Desktop/SignAvatar_Generative_Project/data/annotations/wlasl_pkls_cropFalse_defult_shape/01808.pkl,01808.pkl,alarm,"(77, 182)",77,182,3.85,left_valid|right_valid|total_valid_index|2d|pred_2d|smplx|unsmooth_smplx|bb2img_trans|focal|princpt
/home/image/Desktop/SignAvatar_Generative_Project/data/annotations/wlasl_pkls_cropFalse_defult_shape/01828.pkl,01828.pkl,alcohol,"(38, 182)",38,182,1.9,left_valid|right_valid|total_valid_index|2d|pred_2d|smplx|unsmooth_smplx|bb2img_trans|focal|princpt
/home/image/Desktop/SignAvatar_Generative_Project/data/annotations/wlasl_pkls_cropFalse_defult_shape/01831.pkl,01831.pkl,alcohol,"(104, 182)",104,182,5.2,left_valid|right_valid|total_valid_index|2d|pred_2d|smplx|unsmooth_smplx|bb2img_trans|focal|princpt
/home/image/Desktop/SignAvatar_Generative_Project/data/annotations/wlasl_pkls_cropFalse_defult_shape/01832.pkl,01832.pkl,alcohol,"(84, 182)",84,182,4.2,left_valid|right_valid|total_valid_index|2d|pred_2d|smplx|unsmooth_smplx|bb2img_trans|focal|princpt
/home/image/Desktop/SignAvatar_Generative_Project/data/annotations/wlasl_pkls_cropFalse_defult_shape/01833.pkl,01833.pkl,alcohol,"(35, 182)",35,182,1.75,left_valid|right_valid|total_valid_index|2d|pred_2d|smplx|unsmooth_smplx|bb2img_trans|focal|princpt
/home/image/Desktop/SignAvatar_Generative_Project/data/annotations/wlasl_pkls_cropFalse_defult_shape/01836.pkl,01836.pkl,alcohol,"(26, 182)",26,182,1.3,left_valid|right_valid|total_valid_index|2d|pred_2d|smplx|unsmooth_smplx|bb2img_trans|focal|princpt
/home/image/Desktop/SignAvatar_Generative_Project/data/annotations/wlasl_pkls_cropFalse_defult_shape/01837.pkl,01837.pkl,alcohol,"(93, 182)",93,182,4.65,left_valid|right_valid|total_valid_index|2d|pred_2d|smplx|unsmooth_smplx|bb2img_trans|focal|princpt
/home/image/Desktop/SignAvatar_Generative_Project/data/annotations/wlasl_pkls_cropFalse_defult_shape/01838.pkl,01838.pkl,alcohol,"(58, 182)",58,182,2.9,left_valid|right_valid|total_valid_index|2d|pred_2d|smplx|unsmooth_smplx|bb2img_trans|focal|princpt
/home/image/Desktop/SignAvatar_Generative_Project/data/annotations/wlasl_pkls_cropFalse_defult_shape/01839.pkl,01839.pkl,alcohol,"(74, 182)",74,182,3.7,left_valid|right_valid|total_valid_index|2d|pred_2d|smplx|unsmooth_smplx|bb2img_trans|focal|princpt
/home/image/Desktop/SignAvatar_Generative_Project/data/annotations/wlasl_pkls_cropFalse_defult_shape/01873.pkl,01873.pkl,algebra,"(19, 182)",19,182,0.95,left_valid|right_valid|total_valid_index|2d|pred_2d|smplx|unsmooth_smplx|bb2img_trans|focal|princpt
/home/image/Desktop/SignAvatar_Generative_Project/data/annotations/wlasl_pkls_cropFalse_defult_shape/01874.pkl,01874.pkl,algebra,"(62, 182)",62,182,3.1,left_valid|right_valid|total_valid_index|2d|pred_2d|smplx|unsmooth_smplx|bb2img_trans|focal|princpt
/home/image/Desktop/SignAvatar_Generative_Project/data/annotations/wlasl_pkls_cropFalse_defult_shape/01875.pkl,01875.pkl,algebra,"(43, 182)",43,182,2.15,left_valid|right_valid|total_valid_index|2d|pred_2d|smplx|unsmooth_smplx|bb2img_trans|focal|princpt
/home/image/Desktop/SignAvatar_Generative_Project/data/annotations/wlasl_pkls_cropFalse_defult_shape/01876.pkl,01876.pkl,algebra,"(116, 182)",116,182,5.8,left_valid|right_valid|total_valid_index|2d|pred_2d|smplx|unsmooth_smplx|bb2img_trans|focal|princpt
/home/image/Desktop/SignAvatar_Generative_Project/data/annotations/wlasl_pkls_cropFalse_defult_shape/01877.pkl,01877.pkl,algebra,"(32, 182)",32,182,1.6,left_valid|right_valid|total_valid_index|2d|pred_2d|smplx|unsmooth_smplx|bb2img_trans|focal|princpt
/home/image/Desktop/SignAvatar_Generative_Project/data/annotations/wlasl_pkls_cropFalse_defult_shape/01878.pkl,01878.pkl,algebra,"(32, 182)",32,182,1.6,left_valid|right_valid|total_valid_index|2d|pred_2d|smplx|unsmooth_smplx|bb2img_trans|focal|princpt
/home/image/Desktop/SignAvatar_Generative_Project/data/annotations/wlasl_pkls_cropFalse_defult_shape/01880.pkl,01880.pkl,algebra,"(70, 182)",70,182,3.5,left_valid|right_valid|total_valid_index|2d|pred_2d|smplx|unsmooth_smplx|bb2img_trans|focal|princpt
/home/image/Desktop/SignAvatar_Generative_Project/data/annotations/wlasl_pkls_cropFalse_defult_shape/01912.pkl,01912.pkl,all,"(25, 182)",25,182,1.25,left_valid|right_valid|total_valid_index|2d|pred_2d|smplx|unsmooth_smplx|bb2img_trans|focal|princpt
/home/image/Desktop/SignAvatar_Generative_Project/data/annotations/wlasl_pkls_cropFalse_defult_shape/01921.pkl,01921.pkl,all day,"(8, 182)",8,182,0.4,left_valid|right_valid|total_valid_index|2d|pred_2d|smplx|unsmooth_smplx|bb2img_trans|focal|princpt
/home/image/Desktop/SignAvatar_Generative_Project/data/annotations/wlasl_pkls_cropFalse_defult_shape/01922.pkl,01922.pkl,all day,"(41, 182)",41,182,2.05,left_valid|right_valid|total_valid_index|2d|pred_2d|smplx|unsmooth_smplx|bb2img_trans|focal|princpt
/home/image/Desktop/SignAvatar_Generative_Project/data/annotations/wlasl_pkls_cropFalse_defult_shape/01924.pkl,01924.pkl,all day,"(63, 182)",63,182,3.15,left_valid|right_valid|total_valid_index|2d|pred_2d|smplx|unsmooth_smplx|bb2img_trans|focal|princpt
/home/image/Desktop/SignAvatar_Generative_Project/data/annotations/wlasl_pkls_cropFalse_defult_shape/01925.pkl,01925.pkl,all day,"(34, 182)",34,182,1.7,left_valid|right_valid|total_valid_index|2d|pred_2d|smplx|unsmooth_smplx|bb2img_trans|focal|princpt
/home/image/Desktop/SignAvatar_Generative_Project/data/annotations/wlasl_pkls_cropFalse_defult_shape/01926.pkl,01926.pkl,all day,"(38, 182)",38,182,1.9,left_valid|right_valid|total_valid_index|2d|pred_2d|smplx|unsmooth_smplx|bb2img_trans|focal|princpt
/home/image/Desktop/SignAvatar_Generative_Project/data/annotations/wlasl_pkls_cropFalse_defult_shape/01927.pkl,01927.pkl,all day,"(74, 182)",74,182,3.7,left_valid|right_valid|total_valid_index|2d|pred_2d|smplx|unsmooth_smplx|bb2img_trans|focal|princpt
/home/image/Desktop/SignAvatar_Generative_Project/data/annotations/wlasl_pkls_cropFalse_defult_shape/01955.pkl,01955.pkl,allergy,"(119, 182)",119,182,5.95,left_valid|right_valid|total_valid_index|2d|pred_2d|smplx|unsmooth_smplx|bb2img_trans|focal|princpt
/home/image/Desktop/SignAvatar_Generative_Project/data/annotations/wlasl_pkls_cropFalse_defult_shape/01956.pkl,01956.pkl,allergy,"(38, 182)",38,182,1.9,left_valid|right_valid|total_valid_index|2d|pred_2d|smplx|unsmooth_smplx|bb2img_trans|focal|princpt
/home/image/Desktop/SignAvatar_Generative_Project/data/annotations/wlasl_pkls_cropFalse_defult_shape/01957.pkl,01957.pkl,allergy,"(86, 182)",86,182,4.3,left_valid|right_valid|total_valid_index|2d|pred_2d|smplx|unsmooth_smplx|bb2img_trans|focal|princpt
/home/image/Desktop/SignAvatar_Generative_Project/data/annotations/wlasl_pkls_cropFalse_defult_shape/01959.pkl,01959.pkl,allergy,"(56, 182)",56,182,2.8,left_valid|right_valid|total_valid_index|2d|pred_2d|smplx|unsmooth_smplx|bb2img_trans|focal|princpt
/home/image/Desktop/SignAvatar_Generative_Project/data/annotations/wlasl_pkls_cropFalse_defult_shape/01960.pkl,01960.pkl,allergy,"(52, 182)",52,182,2.6,left_valid|right_valid|total_valid_index|2d|pred_2d|smplx|unsmooth_smplx|bb2img_trans|focal|princpt
/home/image/Desktop/SignAvatar_Generative_Project/data/annotations/wlasl_pkls_cropFalse_defult_shape/01962.pkl,01962.pkl,allergy,"(47, 182)",47,182,2.35,left_valid|right_valid|total_valid_index|2d|pred_2d|smplx|unsmooth_smplx|bb2img_trans|focal|princpt
/home/image/Desktop/SignAvatar_Generative_Project/data/annotations/wlasl_pkls_cropFalse_defult_shape/01964.pkl,01964.pkl,allergy,"(64, 182)",64,182,3.2,left_valid|right_valid|total_valid_index|2d|pred_2d|smplx|unsmooth_smplx|bb2img_trans|focal|princpt
/home/image/Desktop/SignAvatar_Generative_Project/data/annotations/wlasl_pkls_cropFalse_defult_shape/01965.pkl,01965.pkl,allergy,"(89, 182)",89,182,4.45,left_valid|right_valid|total_valid_index|2d|pred_2d|smplx|unsmooth_smplx|bb2img_trans|focal|princpt
/home/image/Desktop/SignAvatar_Generative_Project/data/annotations/wlasl_pkls_cropFalse_defult_shape/01986.pkl,01986.pkl,all,"(83, 182)",83,182,4.15,left_valid|right_valid|total_valid_index|2d|pred_2d|smplx|unsmooth_smplx|bb2img_trans|focal|princpt
/home/image/Desktop/SignAvatar_Generative_Project/data/annotations/wlasl_pkls_cropFalse_defult_shape/01987.pkl,01987.pkl,all,"(64, 182)",64,182,3.2,left_valid|right_valid|total_valid_index|2d|pred_2d|smplx|unsmooth_smplx|bb2img_trans|focal|princpt
/home/image/Desktop/SignAvatar_Generative_Project/data/annotations/wlasl_pkls_cropFalse_defult_shape/01988.pkl,01988.pkl,all,"(121, 182)",121,182,6.05,left_valid|right_valid|total_valid_index|2d|pred_2d|smplx|unsmooth_smplx|bb2img_trans|focal|princpt
/home/image/Desktop/SignAvatar_Generative_Project/data/annotations/wlasl_pkls_cropFalse_defult_shape/01989.pkl,01989.pkl,all,"(62, 182)",62,182,3.1,left_valid|right_valid|total_valid_index|2d|pred_2d|smplx|unsmooth_smplx|bb2img_trans|focal|princpt
/home/image/Desktop/SignAvatar_Generative_Project/data/annotations/wlasl_pkls_cropFalse_defult_shape/01990.pkl,01990.pkl,all,"(30, 182)",30,182,1.5,left_valid|right_valid|total_valid_index|2d|pred_2d|smplx|unsmooth_smplx|bb2img_trans|focal|princpt
/home/image/Desktop/SignAvatar_Generative_Project/data/annotations/wlasl_pkls_cropFalse_defult_shape/01991.pkl,01991.pkl,all,"(40, 182)",40,182,2.0,left_valid|right_valid|total_valid_index|2d|pred_2d|smplx|unsmooth_smplx|bb2img_trans|focal|princpt
/home/image/Desktop/SignAvatar_Generative_Project/data/annotations/wlasl_pkls_cropFalse_defult_shape/01992.pkl,01992.pkl,all,"(51, 182)",51,182,2.55,left_valid|right_valid|total_valid_index|2d|pred_2d|smplx|unsmooth_smplx|bb2img_trans|focal|princpt
/home/image/Desktop/SignAvatar_Generative_Project/data/annotations/wlasl_pkls_cropFalse_defult_shape/01995.pkl,01995.pkl,all,"(80, 182)",80,182,4.0,left_valid|right_valid|total_valid_index|2d|pred_2d|smplx|unsmooth_smplx|bb2img_trans|focal|princpt
/home/image/Desktop/SignAvatar_Generative_Project/data/annotations/wlasl_pkls_cropFalse_defult_shape/01996.pkl,01996.pkl,all,"(63, 182)",63,182,3.15,left_valid|right_valid|total_valid_index|2d|pred_2d|smplx|unsmooth_smplx|bb2img_trans|focal|princpt
/home/image/Desktop/SignAvatar_Generative_Project/data/annotations/wlasl_pkls_cropFalse_defult_shape/01997.pkl,01997.pkl,all,"(60, 182)",60,182,3.0,left_valid|right_valid|total_valid_index|2d|pred_2d|smplx|unsmooth_smplx|bb2img_trans|focal|princpt
/home/image/Desktop/SignAvatar_Generative_Project/data/annotations/wlasl_pkls_cropFalse_defult_shape/01998.pkl,01998.pkl,all,"(73, 182)",73,182,3.65,left_valid|right_valid|total_valid_index|2d|pred_2d|smplx|unsmooth_smplx|bb2img_trans|focal|princpt
/home/image/Desktop/SignAvatar_Generative_Project/data/annotations/wlasl_pkls_cropFalse_defult_shape/01999.pkl,01999.pkl,all,"(77, 182)",77,182,3.85,left_valid|right_valid|total_valid_index|2d|pred_2d|smplx|unsmooth_smplx|bb2img_trans|focal|princpt
/home/image/Desktop/SignAvatar_Generative_Project/data/annotations/wlasl_pkls_cropFalse_defult_shape/02000.pkl,02000.pkl,all,"(56, 182)",56,182,2.8,left_valid|right_valid|total_valid_index|2d|pred_2d|smplx|unsmooth_smplx|bb2img_trans|focal|princpt
/home/image/Desktop/SignAvatar_Generative_Project/data/annotations/wlasl_pkls_cropFalse_defult_shape/02002.pkl,02002.pkl,all,"(55, 182)",55,182,2.75,left_valid|right_valid|total_valid_index|2d|pred_2d|smplx|unsmooth_smplx|bb2img_trans|focal|princpt
/home/image/Desktop/SignAvatar_Generative_Project/data/annotations/wlasl_pkls_cropFalse_defult_shape/02008.pkl,02008.pkl,alligator,"(83, 182)",83,182,4.15,left_valid|right_valid|total_valid_index|2d|pred_2d|smplx|unsmooth_smplx|bb2img_trans|focal|princpt
/home/image/Desktop/SignAvatar_Generative_Project/data/annotations/wlasl_pkls_cropFalse_defult_shape/02009.pkl,02009.pkl,alligator,"(39, 182)",39,182,1.95,left_valid|right_valid|total_valid_index|2d|pred_2d|smplx|unsmooth_smplx|bb2img_trans|focal|princpt
/home/image/Desktop/SignAvatar_Generative_Project/data/annotations/wlasl_pkls_cropFalse_defult_shape/02010.pkl,02010.pkl,alligator,"(106, 182)",106,182,5.3,left_valid|right_valid|total_valid_index|2d|pred_2d|smplx|unsmooth_smplx|bb2img_trans|focal|princpt
/home/image/Desktop/SignAvatar_Generative_Project/data/annotations/wlasl_pkls_cropFalse_defult_shape/02011.pkl,02011.pkl,alligator,"(31, 182)",31,182,1.55,left_valid|right_valid|total_valid_index|2d|pred_2d|smplx|unsmooth_smplx|bb2img_trans|focal|princpt
/home/image/Desktop/SignAvatar_Generative_Project/data/annotations/wlasl_pkls_cropFalse_defult_shape/02012.pkl,02012.pkl,alligator,"(47, 182)",47,182,2.35,left_valid|right_valid|total_valid_index|2d|pred_2d|smplx|unsmooth_smplx|bb2img_trans|focal|princpt
/home/image/Desktop/SignAvatar_Generative_Project/data/annotations/wlasl_pkls_cropFalse_defult_shape/02013.pkl,02013.pkl,alligator,"(73, 182)",73,182,3.65,left_valid|right_valid|total_valid_index|2d|pred_2d|smplx|unsmooth_smplx|bb2img_trans|focal|princpt
/home/image/Desktop/SignAvatar_Generative_Project/data/annotations/wlasl_pkls_cropFalse_defult_shape/02014.pkl,02014.pkl,alligator,"(92, 182)",92,182,4.6,left_valid|right_valid|total_valid_index|2d|pred_2d|smplx|unsmooth_smplx|bb2img_trans|focal|princpt
/home/image/Desktop/SignAvatar_Generative_Project/data/annotations/wlasl_pkls_cropFalse_defult_shape/02041.pkl,02041.pkl,allow,"(34, 182)",34,182,1.7,left_valid|right_valid|total_valid_index|2d|pred_2d|smplx|unsmooth_smplx|bb2img_trans|focal|princpt
/home/image/Desktop/SignAvatar_Generative_Project/data/annotations/wlasl_pkls_cropFalse_defult_shape/02045.pkl,02045.pkl,allow,"(67, 182)",67,182,3.35,left_valid|right_valid|total_valid_index|2d|pred_2d|smplx|unsmooth_smplx|bb2img_trans|focal|princpt
/home/image/Desktop/SignAvatar_Generative_Project/data/annotations/wlasl_pkls_cropFalse_defult_shape/02046.pkl,02046.pkl,allow,"(75, 182)",75,182,3.75,left_valid|right_valid|total_valid_index|2d|pred_2d|smplx|unsmooth_smplx|bb2img_trans|focal|princpt
/home/image/Desktop/SignAvatar_Generative_Project/data/annotations/wlasl_pkls_cropFalse_defult_shape/02047.pkl,02047.pkl,allow,"(56, 182)",56,182,2.8,left_valid|right_valid|total_valid_index|2d|pred_2d|smplx|unsmooth_smplx|bb2img_trans|focal|princpt
/home/image/Desktop/SignAvatar_Generative_Project/data/annotations/wlasl_pkls_cropFalse_defult_shape/02048.pkl,02048.pkl,allow,"(46, 182)",46,182,2.3,left_valid|right_valid|total_valid_index|2d|pred_2d|smplx|unsmooth_smplx|bb2img_trans|focal|princpt
/home/image/Desktop/SignAvatar_Generative_Project/data/annotations/wlasl_pkls_cropFalse_defult_shape/02050.pkl,02050.pkl,allow,"(74, 182)",74,182,3.7,left_valid|right_valid|total_valid_index|2d|pred_2d|smplx|unsmooth_smplx|bb2img_trans|focal|princpt
/home/image/Desktop/SignAvatar_Generative_Project/data/annotations/wlasl_pkls_cropFalse_defult_shape/02051.pkl,02051.pkl,allow,"(57, 182)",57,182,2.85,left_valid|right_valid|total_valid_index|2d|pred_2d|smplx|unsmooth_smplx|bb2img_trans|focal|princpt
/home/image/Desktop/SignAvatar_Generative_Project/data/annotations/wlasl_pkls_cropFalse_defult_shape/02052.pkl,02052.pkl,allow,"(79, 182)",79,182,3.95,left_valid|right_valid|total_valid_index|2d|pred_2d|smplx|unsmooth_smplx|bb2img_trans|focal|princpt
/home/image/Desktop/SignAvatar_Generative_Project/data/annotations/wlasl_pkls_cropFalse_defult_shape/02089.pkl,02089.pkl,almost,"(12, 182)",12,182,0.6,left_valid|right_valid|total_valid_index|2d|pred_2d|smplx|unsmooth_smplx|bb2img_trans|focal|princpt
/home/image/Desktop/SignAvatar_Generative_Project/data/annotations/wlasl_pkls_cropFalse_defult_shape/02091.pkl,02091.pkl,almost,"(94, 182)",94,182,4.7,left_valid|right_valid|total_valid_index|2d|pred_2d|smplx|unsmooth_smplx|bb2img_trans|focal|princpt
/home/image/Desktop/SignAvatar_Generative_Project/data/annotations/wlasl_pkls_cropFalse_defult_shape/02092.pkl,02092.pkl,almost,"(28, 182)",28,182,1.4,left_valid|right_valid|total_valid_index|2d|pred_2d|smplx|unsmooth_smplx|bb2img_trans|focal|princpt
/home/image/Desktop/SignAvatar_Generative_Project/data/annotations/wlasl_pkls_cropFalse_defult_shape/02093.pkl,02093.pkl,almost,"(92, 182)",92,182,4.6,left_valid|right_valid|total_valid_index|2d|pred_2d|smplx|unsmooth_smplx|bb2img_trans|focal|princpt
/home/image/Desktop/SignAvatar_Generative_Project/data/annotations/wlasl_pkls_cropFalse_defult_shape/02094.pkl,02094.pkl,almost,"(55, 182)",55,182,2.75,left_valid|right_valid|total_valid_index|2d|pred_2d|smplx|unsmooth_smplx|bb2img_trans|focal|princpt
/home/image/Desktop/SignAvatar_Generative_Project/data/annotations/wlasl_pkls_cropFalse_defult_shape/02095.pkl,02095.pkl,almost,"(61, 182)",61,182,3.05,left_valid|right_valid|total_valid_index|2d|pred_2d|smplx|unsmooth_smplx|bb2img_trans|focal|princpt
/home/image/Desktop/SignAvatar_Generative_Project/data/annotations/wlasl_pkls_cropFalse_defult_shape/02096.pkl,02096.pkl,almost,"(89, 182)",89,182,4.45,left_valid|right_valid|total_valid_index|2d|pred_2d|smplx|unsmooth_smplx|bb2img_trans|focal|princpt
/home/image/Desktop/SignAvatar_Generative_Project/data/annotations/wlasl_pkls_cropFalse_defult_shape/02098.pkl,02098.pkl,almost,"(63, 182)",63,182,3.15,left_valid|right_valid|total_valid_index|2d|pred_2d|smplx|unsmooth_smplx|bb2img_trans|focal|princpt
/home/image/Desktop/SignAvatar_Generative_Project/data/annotations/wlasl_pkls_cropFalse_defult_shape/02102.pkl,02102.pkl,alone,"(66, 182)",66,182,3.3,left_valid|right_valid|total_valid_index|2d|pred_2d|smplx|unsmooth_smplx|bb2img_trans|focal|princpt
/home/image/Desktop/SignAvatar_Generative_Project/data/annotations/wlasl_pkls_cropFalse_defult_shape/02103.pkl,02103.pkl,alone,"(76, 182)",76,182,3.8,left_valid|right_valid|total_valid_index|2d|pred_2d|smplx|unsmooth_smplx|bb2img_trans|focal|princpt
/home/image/Desktop/SignAvatar_Generative_Project/data/annotations/wlasl_pkls_cropFalse_defult_shape/02104.pkl,02104.pkl,alone,"(58, 182)",58,182,2.9,left_valid|right_valid|total_valid_index|2d|pred_2d|smplx|unsmooth_smplx|bb2img_trans|focal|princpt
/home/image/Desktop/SignAvatar_Generative_Project/data/annotations/wlasl_pkls_cropFalse_defult_shape/02105.pkl,02105.pkl,alone,"(53, 182)",53,182,2.65,left_valid|right_valid|total_valid_index|2d|pred_2d|smplx|unsmooth_smplx|bb2img_trans|focal|princpt
/home/image/Desktop/SignAvatar_Generative_Project/data/annotations/wlasl_pkls_cropFalse_defult_shape/02106.pkl,02106.pkl,alone,"(99, 182)",99,182,4.95,left_valid|right_valid|total_valid_index|2d|pred_2d|smplx|unsmooth_smplx|bb2img_trans|focal|princpt
/home/image/Desktop/SignAvatar_Generative_Project/data/annotations/wlasl_pkls_cropFalse_defult_shape/02107.pkl,02107.pkl,alone,"(55, 182)",55,182,2.75,left_valid|right_valid|total_valid_index|2d|pred_2d|smplx|unsmooth_smplx|bb2img_trans|focal|princpt
/home/image/Desktop/SignAvatar_Generative_Project/data/annotations/wlasl_pkls_cropFalse_defult_shape/02108.pkl,02108.pkl,alone,"(43, 182)",43,182,2.15,left_valid|right_valid|total_valid_index|2d|pred_2d|smplx|unsmooth_smplx|bb2img_trans|focal|princpt
/home/image/Desktop/SignAvatar_Generative_Project/data/annotations/wlasl_pkls_cropFalse_defult_shape/02110.pkl,02110.pkl,alone,"(40, 182)",40,182,2.0,left_valid|right_valid|total_valid_index|2d|pred_2d|smplx|unsmooth_smplx|bb2img_trans|focal|princpt
/home/image/Desktop/SignAvatar_Generative_Project/data/annotations/wlasl_pkls_cropFalse_defult_shape/02111.pkl,02111.pkl,alone,"(66, 182)",66,182,3.3,left_valid|right_valid|total_valid_index|2d|pred_2d|smplx|unsmooth_smplx|bb2img_trans|focal|princpt
/home/image/Desktop/SignAvatar_Generative_Project/data/annotations/wlasl_pkls_cropFalse_defult_shape/02112.pkl,02112.pkl,alone,"(91, 182)",91,182,4.55,left_valid|right_valid|total_valid_index|2d|pred_2d|smplx|unsmooth_smplx|bb2img_trans|focal|princpt
/home/image/Desktop/SignAvatar_Generative_Project/data/annotations/wlasl_pkls_cropFalse_defult_shape/02124.pkl,02124.pkl,a lot,"(74, 182)",74,182,3.7,left_valid|right_valid|total_valid_index|2d|pred_2d|smplx|unsmooth_smplx|bb2img_trans|focal|princpt
/home/image/Desktop/SignAvatar_Generative_Project/data/annotations/wlasl_pkls_cropFalse_defult_shape/02125.pkl,02125.pkl,a lot,"(40, 182)",40,182,2.0,left_valid|right_valid|total_valid_index|2d|pred_2d|smplx|unsmooth_smplx|bb2img_trans|focal|princpt
/home/image/Desktop/SignAvatar_Generative_Project/data/annotations/wlasl_pkls_cropFalse_defult_shape/02126.pkl,02126.pkl,a lot,"(81, 182)",81,182,4.05,left_valid|right_valid|total_valid_index|2d|pred_2d|smplx|unsmooth_smplx|bb2img_trans|focal|princpt
/home/image/Desktop/SignAvatar_Generative_Project/data/annotations/wlasl_pkls_cropFalse_defult_shape/02128.pkl,02128.pkl,a lot,"(46, 182)",46,182,2.3,left_valid|right_valid|total_valid_index|2d|pred_2d|smplx|unsmooth_smplx|bb2img_trans|focal|princpt
/home/image/Desktop/SignAvatar_Generative_Project/data/annotations/wlasl_pkls_cropFalse_defult_shape/02129.pkl,02129.pkl,a lot,"(26, 182)",26,182,1.3,left_valid|right_valid|total_valid_index|2d|pred_2d|smplx|unsmooth_smplx|bb2img_trans|focal|princpt
/home/image/Desktop/SignAvatar_Generative_Project/data/annotations/wlasl_pkls_cropFalse_defult_shape/02130.pkl,02130.pkl,a lot,"(36, 182)",36,182,1.8,left_valid|right_valid|total_valid_index|2d|pred_2d|smplx|unsmooth_smplx|bb2img_trans|focal|princpt
/home/image/Desktop/SignAvatar_Generative_Project/data/annotations/wlasl_pkls_cropFalse_defult_shape/02131.pkl,02131.pkl,a lot,"(73, 182)",73,182,3.65,left_valid|right_valid|total_valid_index|2d|pred_2d|smplx|unsmooth_smplx|bb2img_trans|focal|princpt
/home/image/Desktop/SignAvatar_Generative_Project/data/annotations/wlasl_pkls_cropFalse_defult_shape/02143.pkl,02143.pkl,alphabet,"(78, 182)",78,182,3.9,left_valid|right_valid|total_valid_index|2d|pred_2d|smplx|unsmooth_smplx|bb2img_trans|focal|princpt
/home/image/Desktop/SignAvatar_Generative_Project/data/annotations/wlasl_pkls_cropFalse_defult_shape/02145.pkl,02145.pkl,alphabet,"(113, 182)",113,182,5.65,left_valid|right_valid|total_valid_index|2d|pred_2d|smplx|unsmooth_smplx|bb2img_trans|focal|princpt
/home/image/Desktop/SignAvatar_Generative_Project/data/annotations/wlasl_pkls_cropFalse_defult_shape/02146.pkl,02146.pkl,alphabet,"(22, 182)",22,182,1.1,left_valid|right_valid|total_valid_index|2d|pred_2d|smplx|unsmooth_smplx|bb2img_trans|focal|princpt
/home/image/Desktop/SignAvatar_Generative_Project/data/annotations/wlasl_pkls_cropFalse_defult_shape/02147.pkl,02147.pkl,alphabet,"(21, 182)",21,182,1.05,left_valid|right_valid|total_valid_index|2d|pred_2d|smplx|unsmooth_smplx|bb2img_trans|focal|princpt
/home/image/Desktop/SignAvatar_Generative_Project/data/annotations/wlasl_pkls_cropFalse_defult_shape/02149.pkl,02149.pkl,alphabet,"(31, 182)",31,182,1.55,left_valid|right_valid|total_valid_index|2d|pred_2d|smplx|unsmooth_smplx|bb2img_trans|focal|princpt
/home/image/Desktop/SignAvatar_Generative_Project/data/annotations/wlasl_pkls_cropFalse_defult_shape/02150.pkl,02150.pkl,alphabet,"(65, 182)",65,182,3.25,left_valid|right_valid|total_valid_index|2d|pred_2d|smplx|unsmooth_smplx|bb2img_trans|focal|princpt
/home/image/Desktop/SignAvatar_Generative_Project/data/annotations/wlasl_pkls_cropFalse_defult_shape/02151.pkl,02151.pkl,alphabet,"(108, 182)",108,182,5.4,left_valid|right_valid|total_valid_index|2d|pred_2d|smplx|unsmooth_smplx|bb2img_trans|focal|princpt
/home/image/Desktop/SignAvatar_Generative_Project/data/annotations/wlasl_pkls_cropFalse_defult_shape/02158.pkl,02158.pkl,already,"(39, 182)",39,182,1.95,left_valid|right_valid|total_valid_index|2d|pred_2d|smplx|unsmooth_smplx|bb2img_trans|focal|princpt
/home/image/Desktop/SignAvatar_Generative_Project/data/annotations/wlasl_pkls_cropFalse_defult_shape/02159.pkl,02159.pkl,already,"(72, 182)",72,182,3.6,left_valid|right_valid|total_valid_index|2d|pred_2d|smplx|unsmooth_smplx|bb2img_trans|focal|princpt
/home/image/Desktop/SignAvatar_Generative_Project/data/annotations/wlasl_pkls_cropFalse_defult_shape/02160.pkl,02160.pkl,already,"(92, 182)",92,182,4.6,left_valid|right_valid|total_valid_index|2d|pred_2d|smplx|unsmooth_smplx|bb2img_trans|focal|princpt
/home/image/Desktop/SignAvatar_Generative_Project/data/annotations/wlasl_pkls_cropFalse_defult_shape/02161.pkl,02161.pkl,already,"(32, 182)",32,182,1.6,left_valid|right_valid|total_valid_index|2d|pred_2d|smplx|unsmooth_smplx|bb2img_trans|focal|princpt
/home/image/Desktop/SignAvatar_Generative_Project/data/annotations/wlasl_pkls_cropFalse_defult_shape/02162.pkl,02162.pkl,already,"(31, 182)",31,182,1.55,left_valid|right_valid|total_valid_index|2d|pred_2d|smplx|unsmooth_smplx|bb2img_trans|focal|princpt
/home/image/Desktop/SignAvatar_Generative_Project/data/annotations/wlasl_pkls_cropFalse_defult_shape/02163.pkl,02163.pkl,already,"(83, 182)",83,182,4.15,left_valid|right_valid|total_valid_index|2d|pred_2d|smplx|unsmooth_smplx|bb2img_trans|focal|princpt
/home/image/Desktop/SignAvatar_Generative_Project/data/annotations/wlasl_pkls_cropFalse_defult_shape/02164.pkl,02164.pkl,already,"(43, 182)",43,182,2.15,left_valid|right_valid|total_valid_index|2d|pred_2d|smplx|unsmooth_smplx|bb2img_trans|focal|princpt
/home/image/Desktop/SignAvatar_Generative_Project/data/annotations/wlasl_pkls_cropFalse_defult_shape/02165.pkl,02165.pkl,already,"(54, 182)",54,182,2.7,left_valid|right_valid|total_valid_index|2d|pred_2d|smplx|unsmooth_smplx|bb2img_trans|focal|princpt
/home/image/Desktop/SignAvatar_Generative_Project/data/annotations/wlasl_pkls_cropFalse_defult_shape/02166.pkl,02166.pkl,already,"(26, 182)",26,182,1.3,left_valid|right_valid|total_valid_index|2d|pred_2d|smplx|unsmooth_smplx|bb2img_trans|focal|princpt
/home/image/Desktop/SignAvatar_Generative_Project/data/annotations/wlasl_pkls_cropFalse_defult_shape/02168.pkl,02168.pkl,already,"(90, 182)",90,182,4.5,left_valid|right_valid|total_valid_index|2d|pred_2d|smplx|unsmooth_smplx|bb2img_trans|focal|princpt
/home/image/Desktop/SignAvatar_Generative_Project/data/annotations/wlasl_pkls_cropFalse_defult_shape/02173.pkl,02173.pkl,also,"(40, 182)",40,182,2.0,left_valid|right_valid|total_valid_index|2d|pred_2d|smplx|unsmooth_smplx|bb2img_trans|focal|princpt
/home/image/Desktop/SignAvatar_Generative_Project/data/annotations/wlasl_pkls_cropFalse_defult_shape/02174.pkl,02174.pkl,also,"(67, 182)",67,182,3.35,left_valid|right_valid|total_valid_index|2d|pred_2d|smplx|unsmooth_smplx|bb2img_trans|focal|princpt
/home/image/Desktop/SignAvatar_Generative_Project/data/annotations/wlasl_pkls_cropFalse_defult_shape/02175.pkl,02175.pkl,also,"(96, 182)",96,182,4.8,left_valid|right_valid|total_valid_index|2d|pred_2d|smplx|unsmooth_smplx|bb2img_trans|focal|princpt
/home/image/Desktop/SignAvatar_Generative_Project/data/annotations/wlasl_pkls_cropFalse_defult_shape/02176.pkl,02176.pkl,also,"(27, 182)",27,182,1.35,left_valid|right_valid|total_valid_index|2d|pred_2d|smplx|unsmooth_smplx|bb2img_trans|focal|princpt
/home/image/Desktop/SignAvatar_Generative_Project/data/annotations/wlasl_pkls_cropFalse_defult_shape/02177.pkl,02177.pkl,also,"(32, 182)",32,182,1.6,left_valid|right_valid|total_valid_index|2d|pred_2d|smplx|unsmooth_smplx|bb2img_trans|focal|princpt
/home/image/Desktop/SignAvatar_Generative_Project/data/annotations/wlasl_pkls_cropFalse_defult_shape/02178.pkl,02178.pkl,also,"(44, 182)",44,182,2.2,left_valid|right_valid|total_valid_index|2d|pred_2d|smplx|unsmooth_smplx|bb2img_trans|focal|princpt
/home/image/Desktop/SignAvatar_Generative_Project/data/annotations/wlasl_pkls_cropFalse_defult_shape/02179.pkl,02179.pkl,also,"(60, 182)",60,182,3.0,left_valid|right_valid|total_valid_index|2d|pred_2d|smplx|unsmooth_smplx|bb2img_trans|focal|princpt
/home/image/Desktop/SignAvatar_Generative_Project/data/annotations/wlasl_pkls_cropFalse_defult_shape/02180.pkl,02180.pkl,also,"(65, 182)",65,182,3.25,left_valid|right_valid|total_valid_index|2d|pred_2d|smplx|unsmooth_smplx|bb2img_trans|focal|princpt
/home/image/Desktop/SignAvatar_Generative_Project/data/annotations/wlasl_pkls_cropFalse_defult_shape/02181.pkl,02181.pkl,also,"(79, 182)",79,182,3.95,left_valid|right_valid|total_valid_index|2d|pred_2d|smplx|unsmooth_smplx|bb2img_trans|focal|princpt
/home/image/Desktop/SignAvatar_Generative_Project/data/annotations/wlasl_pkls_cropFalse_defult_shape/02227.pkl,02227.pkl,always,"(54, 182)",54,182,2.7,left_valid|right_valid|total_valid_index|2d|pred_2d|smplx|unsmooth_smplx|bb2img_trans|focal|princpt
/home/image/Desktop/SignAvatar_Generative_Project/data/annotations/wlasl_pkls_cropFalse_defult_shape/02228.pkl,02228.pkl,always,"(71, 182)",71,182,3.55,left_valid|right_valid|total_valid_index|2d|pred_2d|smplx|unsmooth_smplx|bb2img_trans|focal|princpt
/home/image/Desktop/SignAvatar_Generative_Project/data/annotations/wlasl_pkls_cropFalse_defult_shape/02229.pkl,02229.pkl,always,"(68, 182)",68,182,3.4,left_valid|right_valid|total_valid_index|2d|pred_2d|smplx|unsmooth_smplx|bb2img_trans|focal|princpt
/home/image/Desktop/SignAvatar_Generative_Project/data/annotations/wlasl_pkls_cropFalse_defult_shape/02230.pkl,02230.pkl,always,"(59, 182)",59,182,2.95,left_valid|right_valid|total_valid_index|2d|pred_2d|smplx|unsmooth_smplx|bb2img_trans|focal|princpt
/home/image/Desktop/SignAvatar_Generative_Project/data/annotations/wlasl_pkls_cropFalse_defult_shape/02231.pkl,02231.pkl,always,"(95, 182)",95,182,4.75,left_valid|right_valid|total_valid_index|2d|pred_2d|smplx|unsmooth_smplx|bb2img_trans|focal|princpt
/home/image/Desktop/SignAvatar_Generative_Project/data/annotations/wlasl_pkls_cropFalse_defult_shape/02232.pkl,02232.pkl,always,"(80, 182)",80,182,4.0,left_valid|right_valid|total_valid_index|2d|pred_2d|smplx|unsmooth_smplx|bb2img_trans|focal|princpt
/home/image/Desktop/SignAvatar_Generative_Project/data/annotations/wlasl_pkls_cropFalse_defult_shape/02233.pkl,02233.pkl,always,"(57, 182)",57,182,2.85,left_valid|right_valid|total_valid_index|2d|pred_2d|smplx|unsmooth_smplx|bb2img_trans|focal|princpt
/home/image/Desktop/SignAvatar_Generative_Project/data/annotations/wlasl_pkls_cropFalse_defult_shape/02234.pkl,02234.pkl,always,"(94, 182)",94,182,4.7,left_valid|right_valid|total_valid_index|2d|pred_2d|smplx|unsmooth_smplx|bb2img_trans|focal|princpt
/home/image/Desktop/SignAvatar_Generative_Project/data/annotations/wlasl_pkls_cropFalse_defult_shape/02235.pkl,02235.pkl,always,"(79, 182)",79,182,3.95,left_valid|right_valid|total_valid_index|2d|pred_2d|smplx|unsmooth_smplx|bb2img_trans|focal|princpt
/home/image/Desktop/SignAvatar_Generative_Project/data/annotations/wlasl_pkls_cropFalse_defult_shape/02236.pkl,02236.pkl,always,"(87, 182)",87,182,4.35,left_valid|right_valid|total_valid_index|2d|pred_2d|smplx|unsmooth_smplx|bb2img_trans|focal|princpt
/home/image/Desktop/SignAvatar_Generative_Project/data/annotations/wlasl_pkls_cropFalse_defult_shape/02237.pkl,02237.pkl,always,"(60, 182)",60,182,3.0,left_valid|right_valid|total_valid_index|2d|pred_2d|smplx|unsmooth_smplx|bb2img_trans|focal|princpt
/home/image/Desktop/SignAvatar_Generative_Project/data/annotations/wlasl_pkls_cropFalse_defult_shape/02238.pkl,02238.pkl,always,"(68, 182)",68,182,3.4,left_valid|right_valid|total_valid_index|2d|pred_2d|smplx|unsmooth_smplx|bb2img_trans|focal|princpt
/home/image/Desktop/SignAvatar_Generative_Project/data/annotations/wlasl_pkls_cropFalse_defult_shape/02269.pkl,02269.pkl,amazing,"(26, 182)",26,182,1.3,left_valid|right_valid|total_valid_index|2d|pred_2d|smplx|unsmooth_smplx|bb2img_trans|focal|princpt
/home/image/Desktop/SignAvatar_Generative_Project/data/annotations/wlasl_pkls_cropFalse_defult_shape/02273.pkl,02273.pkl,amazing,"(83, 182)",83,182,4.15,left_valid|right_valid|total_valid_index|2d|pred_2d|smplx|unsmooth_smplx|bb2img_trans|focal|princpt
/home/image/Desktop/SignAvatar_Generative_Project/data/annotations/wlasl_pkls_cropFalse_defult_shape/02275.pkl,02275.pkl,amazing,"(37, 182)",37,182,1.85,left_valid|right_valid|total_valid_index|2d|pred_2d|smplx|unsmooth_smplx|bb2img_trans|focal|princpt
/home/image/Desktop/SignAvatar_Generative_Project/data/annotations/wlasl_pkls_cropFalse_defult_shape/02276.pkl,02276.pkl,amazing,"(53, 182)",53,182,2.65,left_valid|right_valid|total_valid_index|2d|pred_2d|smplx|unsmooth_smplx|bb2img_trans|focal|princpt
/home/image/Desktop/SignAvatar_Generative_Project/data/annotations/wlasl_pkls_cropFalse_defult_shape/02284.pkl,02284.pkl,amazing,"(61, 182)",61,182,3.05,left_valid|right_valid|total_valid_index|2d|pred_2d|smplx|unsmooth_smplx|bb2img_trans|focal|princpt
/home/image/Desktop/SignAvatar_Generative_Project/data/annotations/wlasl_pkls_cropFalse_defult_shape/02348.pkl,02348.pkl,america,"(55, 182)",55,182,2.75,left_valid|right_valid|total_valid_index|2d|pred_2d|smplx|unsmooth_smplx|bb2img_trans|focal|princpt
/home/image/Desktop/SignAvatar_Generative_Project/data/annotations/wlasl_pkls_cropFalse_defult_shape/02349.pkl,02349.pkl,america,"(174, 182)",174,182,8.7,left_valid|right_valid|total_valid_index|2d|pred_2d|smplx|unsmooth_smplx|bb2img_trans|focal|princpt
/home/image/Desktop/SignAvatar_Generative_Project/data/annotations/wlasl_pkls_cropFalse_defult_shape/02350.pkl,02350.pkl,america,"(33, 182)",33,182,1.65,left_valid|right_valid|total_valid_index|2d|pred_2d|smplx|unsmooth_smplx|bb2img_trans|focal|princpt
/home/image/Desktop/SignAvatar_Generative_Project/data/annotations/wlasl_pkls_cropFalse_defult_shape/02351.pkl,02351.pkl,america,"(129, 182)",129,182,6.45,left_valid|right_valid|total_valid_index|2d|pred_2d|smplx|unsmooth_smplx|bb2img_trans|focal|princpt
/home/image/Desktop/SignAvatar_Generative_Project/data/annotations/wlasl_pkls_cropFalse_defult_shape/02352.pkl,02352.pkl,america,"(26, 182)",26,182,1.3,left_valid|right_valid|total_valid_index|2d|pred_2d|smplx|unsmooth_smplx|bb2img_trans|focal|princpt
/home/image/Desktop/SignAvatar_Generative_Project/data/annotations/wlasl_pkls_cropFalse_defult_shape/02353.pkl,02353.pkl,america,"(56, 182)",56,182,2.8,left_valid|right_valid|total_valid_index|2d|pred_2d|smplx|unsmooth_smplx|bb2img_trans|focal|princpt
/home/image/Desktop/SignAvatar_Generative_Project/data/annotations/wlasl_pkls_cropFalse_defult_shape/02354.pkl,02354.pkl,america,"(67, 182)",67,182,3.35,left_valid|right_valid|total_valid_index|2d|pred_2d|smplx|unsmooth_smplx|bb2img_trans|focal|princpt
/home/image/Desktop/SignAvatar_Generative_Project/data/annotations/wlasl_pkls_cropFalse_defult_shape/02355.pkl,02355.pkl,america,"(86, 182)",86,182,4.3,left_valid|right_valid|total_valid_index|2d|pred_2d|smplx|unsmooth_smplx|bb2img_trans|focal|princpt
/home/image/Desktop/SignAvatar_Generative_Project/data/annotations/wlasl_pkls_cropFalse_defult_shape/02356.pkl,02356.pkl,america,"(82, 182)",82,182,4.1,left_valid|right_valid|total_valid_index|2d|pred_2d|smplx|unsmooth_smplx|bb2img_trans|focal|princpt
/home/image/Desktop/SignAvatar_Generative_Project/data/annotations/wlasl_pkls_cropFalse_defult_shape/02429.pkl,02429.pkl,amputate,"(141, 182)",141,182,7.05,left_valid|right_valid|total_valid_index|2d|pred_2d|smplx|unsmooth_smplx|bb2img_trans|focal|princpt
/home/image/Desktop/SignAvatar_Generative_Project/data/annotations/wlasl_pkls_cropFalse_defult_shape/02430.pkl,02430.pkl,amputate,"(28, 182)",28,182,1.4,left_valid|right_valid|total_valid_index|2d|pred_2d|smplx|unsmooth_smplx|bb2img_trans|focal|princpt
/home/image/Desktop/SignAvatar_Generative_Project/data/annotations/wlasl_pkls_cropFalse_defult_shape/02432.pkl,02432.pkl,amputate,"(18, 182)",18,182,0.9,left_valid|right_valid|total_valid_index|2d|pred_2d|smplx|unsmooth_smplx|bb2img_trans|focal|princpt
/home/image/Desktop/SignAvatar_Generative_Project/data/annotations/wlasl_pkls_cropFalse_defult_shape/02433.pkl,02433.pkl,amputate,"(34, 182)",34,182,1.7,left_valid|right_valid|total_valid_index|2d|pred_2d|smplx|unsmooth_smplx|bb2img_trans|focal|princpt
/home/image/Desktop/SignAvatar_Generative_Project/data/annotations/wlasl_pkls_cropFalse_defult_shape/02434.pkl,02434.pkl,amputate,"(48, 182)",48,182,2.4,left_valid|right_valid|total_valid_index|2d|pred_2d|smplx|unsmooth_smplx|bb2img_trans|focal|princpt
/home/image/Desktop/SignAvatar_Generative_Project/data/annotations/wlasl_pkls_cropFalse_defult_shape/02435.pkl,02435.pkl,amputate,"(75, 182)",75,182,3.75,left_valid|right_valid|total_valid_index|2d|pred_2d|smplx|unsmooth_smplx|bb2img_trans|focal|princpt
/home/image/Desktop/SignAvatar_Generative_Project/data/annotations/wlasl_pkls_cropFalse_defult_shape/02473.pkl,02473.pkl,analyze,"(34, 182)",34,182,1.7,left_valid|right_valid|total_valid_index|2d|pred_2d|smplx|unsmooth_smplx|bb2img_trans|focal|princpt
/home/image/Desktop/SignAvatar_Generative_Project/data/annotations/wlasl_pkls_cropFalse_defult_shape/02474.pkl,02474.pkl,analyze,"(96, 182)",96,182,4.8,left_valid|right_valid|total_valid_index|2d|pred_2d|smplx|unsmooth_smplx|bb2img_trans|focal|princpt
/home/image/Desktop/SignAvatar_Generative_Project/data/annotations/wlasl_pkls_cropFalse_defult_shape/02475.pkl,02475.pkl,analyze,"(77, 182)",77,182,3.85,left_valid|right_valid|total_valid_index|2d|pred_2d|smplx|unsmooth_smplx|bb2img_trans|focal|princpt
/home/image/Desktop/SignAvatar_Generative_Project/data/annotations/wlasl_pkls_cropFalse_defult_shape/02476.pkl,02476.pkl,analyze,"(74, 182)",74,182,3.7,left_valid|right_valid|total_valid_index|2d|pred_2d|smplx|unsmooth_smplx|bb2img_trans|focal|princpt
/home/image/Desktop/SignAvatar_Generative_Project/data/annotations/wlasl_pkls_cropFalse_defult_shape/02477.pkl,02477.pkl,analyze,"(56, 182)",56,182,2.8,left_valid|right_valid|total_valid_index|2d|pred_2d|smplx|unsmooth_smplx|bb2img_trans|focal|princpt
/home/image/Desktop/SignAvatar_Generative_Project/data/annotations/wlasl_pkls_cropFalse_defult_shape/02478.pkl,02478.pkl,analyze,"(92, 182)",92,182,4.6,left_valid|right_valid|total_valid_index|2d|pred_2d|smplx|unsmooth_smplx|bb2img_trans|focal|princpt
/home/image/Desktop/SignAvatar_Generative_Project/data/annotations/wlasl_pkls_cropFalse_defult_shape/02479.pkl,02479.pkl,analyze,"(68, 182)",68,182,3.4,left_valid|right_valid|total_valid_index|2d|pred_2d|smplx|unsmooth_smplx|bb2img_trans|focal|princpt
/home/image/Desktop/SignAvatar_Generative_Project/data/annotations/wlasl_pkls_cropFalse_defult_shape/02480.pkl,02480.pkl,analyze,"(46, 182)",46,182,2.3,left_valid|right_valid|total_valid_index|2d|pred_2d|smplx|unsmooth_smplx|bb2img_trans|focal|princpt
/home/image/Desktop/SignAvatar_Generative_Project/data/annotations/wlasl_pkls_cropFalse_defult_shape/02482.pkl,02482.pkl,analyze,"(73, 182)",73,182,3.65,left_valid|right_valid|total_valid_index|2d|pred_2d|smplx|unsmooth_smplx|bb2img_trans|focal|princpt
/home/image/Desktop/SignAvatar_Generative_Project/data/annotations/wlasl_pkls_cropFalse_defult_shape/02483.pkl,02483.pkl,analyze,"(73, 182)",73,182,3.65,left_valid|right_valid|total_valid_index|2d|pred_2d|smplx|unsmooth_smplx|bb2img_trans|focal|princpt
/home/image/Desktop/SignAvatar_Generative_Project/data/annotations/wlasl_pkls_cropFalse_defult_shape/02484.pkl,02484.pkl,anatomy,"(68, 182)",68,182,3.4,left_valid|right_valid|total_valid_index|2d|pred_2d|smplx|unsmooth_smplx|bb2img_trans|focal|princpt
/home/image/Desktop/SignAvatar_Generative_Project/data/annotations/wlasl_pkls_cropFalse_defult_shape/02485.pkl,02485.pkl,anatomy,"(99, 182)",99,182,4.95,left_valid|right_valid|total_valid_index|2d|pred_2d|smplx|unsmooth_smplx|bb2img_trans|focal|princpt
/home/image/Desktop/SignAvatar_Generative_Project/data/annotations/wlasl_pkls_cropFalse_defult_shape/02487.pkl,02487.pkl,anatomy,"(76, 182)",76,182,3.8,left_valid|right_valid|total_valid_index|2d|pred_2d|smplx|unsmooth_smplx|bb2img_trans|focal|princpt
/home/image/Desktop/SignAvatar_Generative_Project/data/annotations/wlasl_pkls_cropFalse_defult_shape/02488.pkl,02488.pkl,anatomy,"(62, 182)",62,182,3.1,left_valid|right_valid|total_valid_index|2d|pred_2d|smplx|unsmooth_smplx|bb2img_trans|focal|princpt
/home/image/Desktop/SignAvatar_Generative_Project/data/annotations/wlasl_pkls_cropFalse_defult_shape/02490.pkl,02490.pkl,anatomy,"(91, 182)",91,182,4.55,left_valid|right_valid|total_valid_index|2d|pred_2d|smplx|unsmooth_smplx|bb2img_trans|focal|princpt
/home/image/Desktop/SignAvatar_Generative_Project/data/annotations/wlasl_pkls_cropFalse_defult_shape/02491.pkl,02491.pkl,anatomy,"(78, 182)",78,182,3.9,left_valid|right_valid|total_valid_index|2d|pred_2d|smplx|unsmooth_smplx|bb2img_trans|focal|princpt
/home/image/Desktop/SignAvatar_Generative_Project/data/annotations/wlasl_pkls_cropFalse_defult_shape/02492.pkl,02492.pkl,anatomy,"(80, 182)",80,182,4.0,left_valid|right_valid|total_valid_index|2d|pred_2d|smplx|unsmooth_smplx|bb2img_trans|focal|princpt
/home/image/Desktop/SignAvatar_Generative_Project/data/annotations/wlasl_pkls_cropFalse_defult_shape/02517.pkl,02517.pkl,and,"(37, 182)",37,182,1.85,left_valid|right_valid|total_valid_index|2d|pred_2d|smplx|unsmooth_smplx|bb2img_trans|focal|princpt
/home/image/Desktop/SignAvatar_Generative_Project/data/annotations/wlasl_pkls_cropFalse_defult_shape/02518.pkl,02518.pkl,and,"(69, 182)",69,182,3.45,left_valid|right_valid|total_valid_index|2d|pred_2d|smplx|unsmooth_smplx|bb2img_trans|focal|princpt
/home/image/Desktop/SignAvatar_Generative_Project/data/annotations/wlasl_pkls_cropFalse_defult_shape/02519.pkl,02519.pkl,and,"(73, 182)",73,182,3.65,left_valid|right_valid|total_valid_index|2d|pred_2d|smplx|unsmooth_smplx|bb2img_trans|focal|princpt
/home/image/Desktop/SignAvatar_Generative_Project/data/annotations/wlasl_pkls_cropFalse_defult_shape/02520.pkl,02520.pkl,and,"(55, 182)",55,182,2.75,left_valid|right_valid|total_valid_index|2d|pred_2d|smplx|unsmooth_smplx|bb2img_trans|focal|princpt
/home/image/Desktop/SignAvatar_Generative_Project/data/annotations/wlasl_pkls_cropFalse_defult_shape/02521.pkl,02521.pkl,and,"(49, 182)",49,182,2.45,left_valid|right_valid|total_valid_index|2d|pred_2d|smplx|unsmooth_smplx|bb2img_trans|focal|princpt
/home/image/Desktop/SignAvatar_Generative_Project/data/annotations/wlasl_pkls_cropFalse_defult_shape/02522.pkl,02522.pkl,and,"(62, 182)",62,182,3.1,left_valid|right_valid|total_valid_index|2d|pred_2d|smplx|unsmooth_smplx|bb2img_trans|focal|princpt
/home/image/Desktop/SignAvatar_Generative_Project/data/annotations/wlasl_pkls_cropFalse_defult_shape/02523.pkl,02523.pkl,and,"(84, 182)",84,182,4.2,left_valid|right_valid|total_valid_index|2d|pred_2d|smplx|unsmooth_smplx|bb2img_trans|focal|princpt
/home/image/Desktop/SignAvatar_Generative_Project/data/annotations/wlasl_pkls_cropFalse_defult_shape/02524.pkl,02524.pkl,and,"(52, 182)",52,182,2.6,left_valid|right_valid|total_valid_index|2d|pred_2d|smplx|unsmooth_smplx|bb2img_trans|focal|princpt
/home/image/Desktop/SignAvatar_Generative_Project/data/annotations/wlasl_pkls_cropFalse_defult_shape/02525.pkl,02525.pkl,and,"(62, 182)",62,182,3.1,left_valid|right_valid|total_valid_index|2d|pred_2d|smplx|unsmooth_smplx|bb2img_trans|focal|princpt
/home/image/Desktop/SignAvatar_Generative_Project/data/annotations/wlasl_pkls_cropFalse_defult_shape/02539.pkl,02539.pkl,angel,"(24, 182)",24,182,1.2,left_valid|right_valid|total_valid_index|2d|pred_2d|smplx|unsmooth_smplx|bb2img_trans|focal|princpt
/home/image/Desktop/SignAvatar_Generative_Project/data/annotations/wlasl_pkls_cropFalse_defult_shape/02540.pkl,02540.pkl,angel,"(71, 182)",71,182,3.55,left_valid|right_valid|total_valid_index|2d|pred_2d|smplx|unsmooth_smplx|bb2img_trans|focal|princpt
/home/image/Desktop/SignAvatar_Generative_Project/data/annotations/wlasl_pkls_cropFalse_defult_shape/02541.pkl,02541.pkl,angel,"(49, 182)",49,182,2.45,left_valid|right_valid|total_valid_index|2d|pred_2d|smplx|unsmooth_smplx|bb2img_trans|focal|princpt
/home/image/Desktop/SignAvatar_Generative_Project/data/annotations/wlasl_pkls_cropFalse_defult_shape/02542.pkl,02542.pkl,angel,"(53, 182)",53,182,2.65,left_valid|right_valid|total_valid_index|2d|pred_2d|smplx|unsmooth_smplx|bb2img_trans|focal|princpt
/home/image/Desktop/SignAvatar_Generative_Project/data/annotations/wlasl_pkls_cropFalse_defult_shape/02543.pkl,02543.pkl,angel,"(55, 182)",55,182,2.75,left_valid|right_valid|total_valid_index|2d|pred_2d|smplx|unsmooth_smplx|bb2img_trans|focal|princpt
/home/image/Desktop/SignAvatar_Generative_Project/data/annotations/wlasl_pkls_cropFalse_defult_shape/02544.pkl,02544.pkl,angel,"(31, 182)",31,182,1.55,left_valid|right_valid|total_valid_index|2d|pred_2d|smplx|unsmooth_smplx|bb2img_trans|focal|princpt
/home/image/Desktop/SignAvatar_Generative_Project/data/annotations/wlasl_pkls_cropFalse_defult_shape/02545.pkl,02545.pkl,angel,"(44, 182)",44,182,2.2,left_valid|right_valid|total_valid_index|2d|pred_2d|smplx|unsmooth_smplx|bb2img_trans|focal|princpt
/home/image/Desktop/SignAvatar_Generative_Project/data/annotations/wlasl_pkls_cropFalse_defult_shape/02546.pkl,02546.pkl,angel,"(54, 182)",54,182,2.7,left_valid|right_valid|total_valid_index|2d|pred_2d|smplx|unsmooth_smplx|bb2img_trans|focal|princpt
/home/image/Desktop/SignAvatar_Generative_Project/data/annotations/wlasl_pkls_cropFalse_defult_shape/02547.pkl,02547.pkl,angel,"(50, 182)",50,182,2.5,left_valid|right_valid|total_valid_index|2d|pred_2d|smplx|unsmooth_smplx|bb2img_trans|focal|princpt
/home/image/Desktop/SignAvatar_Generative_Project/data/annotations/wlasl_pkls_cropFalse_defult_shape/02548.pkl,02548.pkl,angel,"(72, 182)",72,182,3.6,left_valid|right_valid|total_valid_index|2d|pred_2d|smplx|unsmooth_smplx|bb2img_trans|focal|princpt
/home/image/Desktop/SignAvatar_Generative_Project/data/annotations/wlasl_pkls_cropFalse_defult_shape/02556.pkl,02556.pkl,angle,"(46, 182)",46,182,2.3,left_valid|right_valid|total_valid_index|2d|pred_2d|smplx|unsmooth_smplx|bb2img_trans|focal|princpt
/home/image/Desktop/SignAvatar_Generative_Project/data/annotations/wlasl_pkls_cropFalse_defult_shape/02558.pkl,02558.pkl,angle,"(61, 182)",61,182,3.05,left_valid|right_valid|total_valid_index|2d|pred_2d|smplx|unsmooth_smplx|bb2img_trans|focal|princpt
/home/image/Desktop/SignAvatar_Generative_Project/data/annotations/wlasl_pkls_cropFalse_defult_shape/02559.pkl,02559.pkl,angle,"(49, 182)",49,182,2.45,left_valid|right_valid|total_valid_index|2d|pred_2d|smplx|unsmooth_smplx|bb2img_trans|focal|princpt
/home/image/Desktop/SignAvatar_Generative_Project/data/annotations/wlasl_pkls_cropFalse_defult_shape/02560.pkl,02560.pkl,angle,"(48, 182)",48,182,2.4,left_valid|right_valid|total_valid_index|2d|pred_2d|smplx|unsmooth_smplx|bb2img_trans|focal|princpt
/home/image/Desktop/SignAvatar_Generative_Project/data/annotations/wlasl_pkls_cropFalse_defult_shape/02561.pkl,02561.pkl,angle,"(38, 182)",38,182,1.9,left_valid|right_valid|total_valid_index|2d|pred_2d|smplx|unsmooth_smplx|bb2img_trans|focal|princpt
/home/image/Desktop/SignAvatar_Generative_Project/data/annotations/wlasl_pkls_cropFalse_defult_shape/02562.pkl,02562.pkl,angle,"(64, 182)",64,182,3.2,left_valid|right_valid|total_valid_index|2d|pred_2d|smplx|unsmooth_smplx|bb2img_trans|focal|princpt
/home/image/Desktop/SignAvatar_Generative_Project/data/annotations/wlasl_pkls_cropFalse_defult_shape/02564.pkl,02564.pkl,angry,"(39, 182)",39,182,1.95,left_valid|right_valid|total_valid_index|2d|pred_2d|smplx|unsmooth_smplx|bb2img_trans|focal|princpt
/home/image/Desktop/SignAvatar_Generative_Project/data/annotations/wlasl_pkls_cropFalse_defult_shape/02565.pkl,02565.pkl,angry,"(68, 182)",68,182,3.4,left_valid|right_valid|total_valid_index|2d|pred_2d|smplx|unsmooth_smplx|bb2img_trans|focal|princpt
/home/image/Desktop/SignAvatar_Generative_Project/data/annotations/wlasl_pkls_cropFalse_defult_shape/02566.pkl,02566.pkl,angry,"(40, 182)",40,182,2.0,left_valid|right_valid|total_valid_index|2d|pred_2d|smplx|unsmooth_smplx|bb2img_trans|focal|princpt
/home/image/Desktop/SignAvatar_Generative_Project/data/annotations/wlasl_pkls_cropFalse_defult_shape/02567.pkl,02567.pkl,angry,"(50, 182)",50,182,2.5,left_valid|right_valid|total_valid_index|2d|pred_2d|smplx|unsmooth_smplx|bb2img_trans|focal|princpt
/home/image/Desktop/SignAvatar_Generative_Project/data/annotations/wlasl_pkls_cropFalse_defult_shape/02569.pkl,02569.pkl,angry,"(88, 182)",88,182,4.4,left_valid|right_valid|total_valid_index|2d|pred_2d|smplx|unsmooth_smplx|bb2img_trans|focal|princpt
/home/image/Desktop/SignAvatar_Generative_Project/data/annotations/wlasl_pkls_cropFalse_defult_shape/02570.pkl,02570.pkl,angry,"(53, 182)",53,182,2.65,left_valid|right_valid|total_valid_index|2d|pred_2d|smplx|unsmooth_smplx|bb2img_trans|focal|princpt
/home/image/Desktop/SignAvatar_Generative_Project/data/annotations/wlasl_pkls_cropFalse_defult_shape/02572.pkl,02572.pkl,angry,"(27, 182)",27,182,1.35,left_valid|right_valid|total_valid_index|2d|pred_2d|smplx|unsmooth_smplx|bb2img_trans|focal|princpt
/home/image/Desktop/SignAvatar_Generative_Project/data/annotations/wlasl_pkls_cropFalse_defult_shape/02575.pkl,02575.pkl,angry,"(74, 182)",74,182,3.7,left_valid|right_valid|total_valid_index|2d|pred_2d|smplx|unsmooth_smplx|bb2img_trans|focal|princpt
/home/image/Desktop/SignAvatar_Generative_Project/data/annotations/wlasl_pkls_cropFalse_defult_shape/02581.pkl,02581.pkl,animal,"(51, 182)",51,182,2.55,left_valid|right_valid|total_valid_index|2d|pred_2d|smplx|unsmooth_smplx|bb2img_trans|focal|princpt
/home/image/Desktop/SignAvatar_Generative_Project/data/annotations/wlasl_pkls_cropFalse_defult_shape/02583.pkl,02583.pkl,animal,"(131, 182)",131,182,6.55,left_valid|right_valid|total_valid_index|2d|pred_2d|smplx|unsmooth_smplx|bb2img_trans|focal|princpt
/home/image/Desktop/SignAvatar_Generative_Project/data/annotations/wlasl_pkls_cropFalse_defult_shape/02584.pkl,02584.pkl,animal,"(73, 182)",73,182,3.65,left_valid|right_valid|total_valid_index|2d|pred_2d|smplx|unsmooth_smplx|bb2img_trans|focal|princpt
/home/image/Desktop/SignAvatar_Generative_Project/data/annotations/wlasl_pkls_cropFalse_defult_shape/02585.pkl,02585.pkl,animal,"(67, 182)",67,182,3.35,left_valid|right_valid|total_valid_index|2d|pred_2d|smplx|unsmooth_smplx|bb2img_trans|focal|princpt
/home/image/Desktop/SignAvatar_Generative_Project/data/annotations/wlasl_pkls_cropFalse_defult_shape/02586.pkl,02586.pkl,animal,"(71, 182)",71,182,3.55,left_valid|right_valid|total_valid_index|2d|pred_2d|smplx|unsmooth_smplx|bb2img_trans|focal|princpt
/home/image/Desktop/SignAvatar_Generative_Project/data/annotations/wlasl_pkls_cropFalse_defult_shape/02587.pkl,02587.pkl,animal,"(92, 182)",92,182,4.6,left_valid|right_valid|total_valid_index|2d|pred_2d|smplx|unsmooth_smplx|bb2img_trans|focal|princpt
/home/image/Desktop/SignAvatar_Generative_Project/data/annotations/wlasl_pkls_cropFalse_defult_shape/02589.pkl,02589.pkl,animal,"(47, 182)",47,182,2.35,left_valid|right_valid|total_valid_index|2d|pred_2d|smplx|unsmooth_smplx|bb2img_trans|focal|princpt
/home/image/Desktop/SignAvatar_Generative_Project/data/annotations/wlasl_pkls_cropFalse_defult_shape/02590.pkl,02590.pkl,animal,"(90, 182)",90,182,4.5,left_valid|right_valid|total_valid_index|2d|pred_2d|smplx|unsmooth_smplx|bb2img_trans|focal|princpt
/home/image/Desktop/SignAvatar_Generative_Project/data/annotations/wlasl_pkls_cropFalse_defult_shape/02591.pkl,02591.pkl,animal,"(59, 182)",59,182,2.95,left_valid|right_valid|total_valid_index|2d|pred_2d|smplx|unsmooth_smplx|bb2img_trans|focal|princpt
/home/image/Desktop/SignAvatar_Generative_Project/data/annotations/wlasl_pkls_cropFalse_defult_shape/02592.pkl,02592.pkl,animal,"(76, 182)",76,182,3.8,left_valid|right_valid|total_valid_index|2d|pred_2d|smplx|unsmooth_smplx|bb2img_trans|focal|princpt
/home/image/Desktop/SignAvatar_Generative_Project/data/annotations/wlasl_pkls_cropFalse_defult_shape/02607.pkl,02607.pkl,anniversary,"(23, 182)",23,182,1.15,left_valid|right_valid|total_valid_index|2d|pred_2d|smplx|unsmooth_smplx|bb2img_trans|focal|princpt
/home/image/Desktop/SignAvatar_Generative_Project/data/annotations/wlasl_pkls_cropFalse_defult_shape/02609.pkl,02609.pkl,anniversary,"(81, 182)",81,182,4.05,left_valid|right_valid|total_valid_index|2d|pred_2d|smplx|unsmooth_smplx|bb2img_trans|focal|princpt
/home/image/Desktop/SignAvatar_Generative_Project/data/annotations/wlasl_pkls_cropFalse_defult_shape/02610.pkl,02610.pkl,anniversary,"(53, 182)",53,182,2.65,left_valid|right_valid|total_valid_index|2d|pred_2d|smplx|unsmooth_smplx|bb2img_trans|focal|princpt
/home/image/Desktop/SignAvatar_Generative_Project/data/annotations/wlasl_pkls_cropFalse_defult_shape/02611.pkl,02611.pkl,anniversary,"(98, 182)",98,182,4.9,left_valid|right_valid|total_valid_index|2d|pred_2d|smplx|unsmooth_smplx|bb2img_trans|focal|princpt
/home/image/Desktop/SignAvatar_Generative_Project/data/annotations/wlasl_pkls_cropFalse_defult_shape/02612.pkl,02612.pkl,anniversary,"(30, 182)",30,182,1.5,left_valid|right_valid|total_valid_index|2d|pred_2d|smplx|unsmooth_smplx|bb2img_trans|focal|princpt
/home/image/Desktop/SignAvatar_Generative_Project/data/annotations/wlasl_pkls_cropFalse_defult_shape/02613.pkl,02613.pkl,anniversary,"(41, 182)",41,182,2.05,left_valid|right_valid|total_valid_index|2d|pred_2d|smplx|unsmooth_smplx|bb2img_trans|focal|princpt
/home/image/Desktop/SignAvatar_Generative_Project/data/annotations/wlasl_pkls_cropFalse_defult_shape/02614.pkl,02614.pkl,anniversary,"(63, 182)",63,182,3.15,left_valid|right_valid|total_valid_index|2d|pred_2d|smplx|unsmooth_smplx|bb2img_trans|focal|princpt
/home/image/Desktop/SignAvatar_Generative_Project/data/annotations/wlasl_pkls_cropFalse_defult_shape/02615.pkl,02615.pkl,anniversary,"(58, 182)",58,182,2.9,left_valid|right_valid|total_valid_index|2d|pred_2d|smplx|unsmooth_smplx|bb2img_trans|focal|princpt
/home/image/Desktop/SignAvatar_Generative_Project/data/annotations/wlasl_pkls_cropFalse_defult_shape/02616.pkl,02616.pkl,anniversary,"(80, 182)",80,182,4.0,left_valid|right_valid|total_valid_index|2d|pred_2d|smplx|unsmooth_smplx|bb2img_trans|focal|princpt
/home/image/Desktop/SignAvatar_Generative_Project/data/annotations/wlasl_pkls_cropFalse_defult_shape/02618.pkl,02618.pkl,announce,"(33, 182)",33,182,1.65,left_valid|right_valid|total_valid_index|2d|pred_2d|smplx|unsmooth_smplx|bb2img_trans|focal|princpt
/home/image/Desktop/SignAvatar_Generative_Project/data/annotations/wlasl_pkls_cropFalse_defult_shape/02619.pkl,02619.pkl,announce,"(88, 182)",88,182,4.4,left_valid|right_valid|total_valid_index|2d|pred_2d|smplx|unsmooth_smplx|bb2img_trans|focal|princpt
/home/image/Desktop/SignAvatar_Generative_Project/data/annotations/wlasl_pkls_cropFalse_defult_shape/02620.pkl,02620.pkl,announce,"(98, 182)",98,182,4.9,left_valid|right_valid|total_valid_index|2d|pred_2d|smplx|unsmooth_smplx|bb2img_trans|focal|princpt
/home/image/Desktop/SignAvatar_Generative_Project/data/annotations/wlasl_pkls_cropFalse_defult_shape/02621.pkl,02621.pkl,announce,"(55, 182)",55,182,2.75,left_valid|right_valid|total_valid_index|2d|pred_2d|smplx|unsmooth_smplx|bb2img_trans|focal|princpt
/home/image/Desktop/SignAvatar_Generative_Project/data/annotations/wlasl_pkls_cropFalse_defult_shape/02622.pkl,02622.pkl,announce,"(49, 182)",49,182,2.45,left_valid|right_valid|total_valid_index|2d|pred_2d|smplx|unsmooth_smplx|bb2img_trans|focal|princpt
/home/image/Desktop/SignAvatar_Generative_Project/data/annotations/wlasl_pkls_cropFalse_defult_shape/02623.pkl,02623.pkl,announce,"(77, 182)",77,182,3.85,left_valid|right_valid|total_valid_index|2d|pred_2d|smplx|unsmooth_smplx|bb2img_trans|focal|princpt
/home/image/Desktop/SignAvatar_Generative_Project/data/annotations/wlasl_pkls_cropFalse_defult_shape/02624.pkl,02624.pkl,announce,"(61, 182)",61,182,3.05,left_valid|right_valid|total_valid_index|2d|pred_2d|smplx|unsmooth_smplx|bb2img_trans|focal|princpt
/home/image/Desktop/SignAvatar_Generative_Project/data/annotations/wlasl_pkls_cropFalse_defult_shape/02625.pkl,02625.pkl,announce,"(70, 182)",70,182,3.5,left_valid|right_valid|total_valid_index|2d|pred_2d|smplx|unsmooth_smplx|bb2img_trans|focal|princpt
/home/image/Desktop/SignAvatar_Generative_Project/data/annotations/wlasl_pkls_cropFalse_defult_shape/02634.pkl,02634.pkl,annoy,"(37, 182)",37,182,1.85,left_valid|right_valid|total_valid_index|2d|pred_2d|smplx|unsmooth_smplx|bb2img_trans|focal|princpt
/home/image/Desktop/SignAvatar_Generative_Project/data/annotations/wlasl_pkls_cropFalse_defult_shape/02643.pkl,02643.pkl,annoy,"(88, 182)",88,182,4.4,left_valid|right_valid|total_valid_index|2d|pred_2d|smplx|unsmooth_smplx|bb2img_trans|focal|princpt
/home/image/Desktop/SignAvatar_Generative_Project/data/annotations/wlasl_pkls_cropFalse_defult_shape/02645.pkl,02645.pkl,annoy,"(114, 182)",114,182,5.7,left_valid|right_valid|total_valid_index|2d|pred_2d|smplx|unsmooth_smplx|bb2img_trans|focal|princpt
/home/image/Desktop/SignAvatar_Generative_Project/data/annotations/wlasl_pkls_cropFalse_defult_shape/02646.pkl,02646.pkl,annoy,"(63, 182)",63,182,3.15,left_valid|right_valid|total_valid_index|2d|pred_2d|smplx|unsmooth_smplx|bb2img_trans|focal|princpt
/home/image/Desktop/SignAvatar_Generative_Project/data/annotations/wlasl_pkls_cropFalse_defult_shape/02652.pkl,02652.pkl,annoy,"(52, 182)",52,182,2.6,left_valid|right_valid|total_valid_index|2d|pred_2d|smplx|unsmooth_smplx|bb2img_trans|focal|princpt
/home/image/Desktop/SignAvatar_Generative_Project/data/annotations/wlasl_pkls_cropFalse_defult_shape/02653.pkl,02653.pkl,annoy,"(72, 182)",72,182,3.6,left_valid|right_valid|total_valid_index|2d|pred_2d|smplx|unsmooth_smplx|bb2img_trans|focal|princpt
/home/image/Desktop/SignAvatar_Generative_Project/data/annotations/wlasl_pkls_cropFalse_defult_shape/02696.pkl,02696.pkl,another,"(42, 182)",42,182,2.1,left_valid|right_valid|total_valid_index|2d|pred_2d|smplx|unsmooth_smplx|bb2img_trans|focal|princpt
/home/image/Desktop/SignAvatar_Generative_Project/data/annotations/wlasl_pkls_cropFalse_defult_shape/02697.pkl,02697.pkl,another,"(69, 182)",69,182,3.45,left_valid|right_valid|total_valid_index|2d|pred_2d|smplx|unsmooth_smplx|bb2img_trans|focal|princpt
/home/image/Desktop/SignAvatar_Generative_Project/data/annotations/wlasl_pkls_cropFalse_defult_shape/02698.pkl,02698.pkl,another,"(34, 182)",34,182,1.7,left_valid|right_valid|total_valid_index|2d|pred_2d|smplx|unsmooth_smplx|bb2img_trans|focal|princpt
/home/image/Desktop/SignAvatar_Generative_Project/data/annotations/wlasl_pkls_cropFalse_defult_shape/02699.pkl,02699.pkl,another,"(83, 182)",83,182,4.15,left_valid|right_valid|total_valid_index|2d|pred_2d|smplx|unsmooth_smplx|bb2img_trans|focal|princpt
/home/image/Desktop/SignAvatar_Generative_Project/data/annotations/wlasl_pkls_cropFalse_defult_shape/02700.pkl,02700.pkl,another,"(55, 182)",55,182,2.75,left_valid|right_valid|total_valid_index|2d|pred_2d|smplx|unsmooth_smplx|bb2img_trans|focal|princpt
/home/image/Desktop/SignAvatar_Generative_Project/data/annotations/wlasl_pkls_cropFalse_defult_shape/02701.pkl,02701.pkl,another,"(32, 182)",32,182,1.6,left_valid|right_valid|total_valid_index|2d|pred_2d|smplx|unsmooth_smplx|bb2img_trans|focal|princpt
/home/image/Desktop/SignAvatar_Generative_Project/data/annotations/wlasl_pkls_cropFalse_defult_shape/02702.pkl,02702.pkl,another,"(47, 182)",47,182,2.35,left_valid|right_valid|total_valid_index|2d|pred_2d|smplx|unsmooth_smplx|bb2img_trans|focal|princpt
/home/image/Desktop/SignAvatar_Generative_Project/data/annotations/wlasl_pkls_cropFalse_defult_shape/02705.pkl,02705.pkl,another,"(55, 182)",55,182,2.75,left_valid|right_valid|total_valid_index|2d|pred_2d|smplx|unsmooth_smplx|bb2img_trans|focal|princpt
/home/image/Desktop/SignAvatar_Generative_Project/data/annotations/wlasl_pkls_cropFalse_defult_shape/02706.pkl,02706.pkl,another,"(69, 182)",69,182,3.45,left_valid|right_valid|total_valid_index|2d|pred_2d|smplx|unsmooth_smplx|bb2img_trans|focal|princpt
/home/image/Desktop/SignAvatar_Generative_Project/data/annotations/wlasl_pkls_cropFalse_defult_shape/02707.pkl,02707.pkl,answer,"(13, 182)",13,182,0.65,left_valid|right_valid|total_valid_index|2d|pred_2d|smplx|unsmooth_smplx|bb2img_trans|focal|princpt
/home/image/Desktop/SignAvatar_Generative_Project/data/annotations/wlasl_pkls_cropFalse_defult_shape/02710.pkl,02710.pkl,answer,"(107, 182)",107,182,5.35,left_valid|right_valid|total_valid_index|2d|pred_2d|smplx|unsmooth_smplx|bb2img_trans|focal|princpt
/home/image/Desktop/SignAvatar_Generative_Project/data/annotations/wlasl_pkls_cropFalse_defult_shape/02711.pkl,02711.pkl,answer,"(66, 182)",66,182,3.3,left_valid|right_valid|total_valid_index|2d|pred_2d|smplx|unsmooth_smplx|bb2img_trans|focal|princpt
/home/image/Desktop/SignAvatar_Generative_Project/data/annotations/wlasl_pkls_cropFalse_defult_shape/02712.pkl,02712.pkl,answer,"(30, 182)",30,182,1.5,left_valid|right_valid|total_valid_index|2d|pred_2d|smplx|unsmooth_smplx|bb2img_trans|focal|princpt
/home/image/Desktop/SignAvatar_Generative_Project/data/annotations/wlasl_pkls_cropFalse_defult_shape/02713.pkl,02713.pkl,answer,"(87, 182)",87,182,4.35,left_valid|right_valid|total_valid_index|2d|pred_2d|smplx|unsmooth_smplx|bb2img_trans|focal|princpt
/home/image/Desktop/SignAvatar_Generative_Project/data/annotations/wlasl_pkls_cropFalse_defult_shape/02714.pkl,02714.pkl,answer,"(53, 182)",53,182,2.65,left_valid|right_valid|total_valid_index|2d|pred_2d|smplx|unsmooth_smplx|bb2img_trans|focal|princpt
/home/image/Desktop/SignAvatar_Generative_Project/data/annotations/wlasl_pkls_cropFalse_defult_shape/02715.pkl,02715.pkl,answer,"(31, 182)",31,182,1.55,left_valid|right_valid|total_valid_index|2d|pred_2d|smplx|unsmooth_smplx|bb2img_trans|focal|princpt
/home/image/Desktop/SignAvatar_Generative_Project/data/annotations/wlasl_pkls_cropFalse_defult_shape/02716.pkl,02716.pkl,answer,"(60, 182)",60,182,3.0,left_valid|right_valid|total_valid_index|2d|pred_2d|smplx|unsmooth_smplx|bb2img_trans|focal|princpt
/home/image/Desktop/SignAvatar_Generative_Project/data/annotations/wlasl_pkls_cropFalse_defult_shape/02717.pkl,02717.pkl,answer,"(53, 182)",53,182,2.65,left_valid|right_valid|total_valid_index|2d|pred_2d|smplx|unsmooth_smplx|bb2img_trans|focal|princpt
/home/image/Desktop/SignAvatar_Generative_Project/data/annotations/wlasl_pkls_cropFalse_defult_shape/02718.pkl,02718.pkl,answer,"(79, 182)",79,182,3.95,left_valid|right_valid|total_valid_index|2d|pred_2d|smplx|unsmooth_smplx|bb2img_trans|focal|princpt
/home/image/Desktop/SignAvatar_Generative_Project/data/annotations/wlasl_pkls_cropFalse_defult_shape/02818.pkl,02818.pkl,any,"(24, 182)",24,182,1.2,left_valid|right_valid|total_valid_index|2d|pred_2d|smplx|unsmooth_smplx|bb2img_trans|focal|princpt
/home/image/Desktop/SignAvatar_Generative_Project/data/annotations/wlasl_pkls_cropFalse_defult_shape/02826.pkl,02826.pkl,any,"(64, 182)",64,182,3.2,left_valid|right_valid|total_valid_index|2d|pred_2d|smplx|unsmooth_smplx|bb2img_trans|focal|princpt
/home/image/Desktop/SignAvatar_Generative_Project/data/annotations/wlasl_pkls_cropFalse_defult_shape/02827.pkl,02827.pkl,any,"(55, 182)",55,182,2.75,left_valid|right_valid|total_valid_index|2d|pred_2d|smplx|unsmooth_smplx|bb2img_trans|focal|princpt
/home/image/Desktop/SignAvatar_Generative_Project/data/annotations/wlasl_pkls_cropFalse_defult_shape/02828.pkl,02828.pkl,any,"(64, 182)",64,182,3.2,left_valid|right_valid|total_valid_index|2d|pred_2d|smplx|unsmooth_smplx|bb2img_trans|focal|princpt
/home/image/Desktop/SignAvatar_Generative_Project/data/annotations/wlasl_pkls_cropFalse_defult_shape/02829.pkl,02829.pkl,any,"(68, 182)",68,182,3.4,left_valid|right_valid|total_valid_index|2d|pred_2d|smplx|unsmooth_smplx|bb2img_trans|focal|princpt
/home/image/Desktop/SignAvatar_Generative_Project/data/annotations/wlasl_pkls_cropFalse_defult_shape/02830.pkl,02830.pkl,any,"(68, 182)",68,182,3.4,left_valid|right_valid|total_valid_index|2d|pred_2d|smplx|unsmooth_smplx|bb2img_trans|focal|princpt
/home/image/Desktop/SignAvatar_Generative_Project/data/annotations/wlasl_pkls_cropFalse_defult_shape/02831.pkl,02831.pkl,any,"(54, 182)",54,182,2.7,left_valid|right_valid|total_valid_index|2d|pred_2d|smplx|unsmooth_smplx|bb2img_trans|focal|princpt
/home/image/Desktop/SignAvatar_Generative_Project/data/annotations/wlasl_pkls_cropFalse_defult_shape/02833.pkl,02833.pkl,any,"(67, 182)",67,182,3.35,left_valid|right_valid|total_valid_index|2d|pred_2d|smplx|unsmooth_smplx|bb2img_trans|focal|princpt
/home/image/Desktop/SignAvatar_Generative_Project/data/annotations/wlasl_pkls_cropFalse_defult_shape/02850.pkl,02850.pkl,anyway,"(41, 182)",41,182,2.05,left_valid|right_valid|total_valid_index|2d|pred_2d|smplx|unsmooth_smplx|bb2img_trans|focal|princpt
/home/image/Desktop/SignAvatar_Generative_Project/data/annotations/wlasl_pkls_cropFalse_defult_shape/02851.pkl,02851.pkl,anyway,"(72, 182)",72,182,3.6,left_valid|right_valid|total_valid_index|2d|pred_2d|smplx|unsmooth_smplx|bb2img_trans|focal|princpt
/home/image/Desktop/SignAvatar_Generative_Project/data/annotations/wlasl_pkls_cropFalse_defult_shape/02852.pkl,02852.pkl,anyway,"(89, 182)",89,182,4.45,left_valid|right_valid|total_valid_index|2d|pred_2d|smplx|unsmooth_smplx|bb2img_trans|focal|princpt
/home/image/Desktop/SignAvatar_Generative_Project/data/annotations/wlasl_pkls_cropFalse_defult_shape/02853.pkl,02853.pkl,anyway,"(28, 182)",28,182,1.4,left_valid|right_valid|total_valid_index|2d|pred_2d|smplx|unsmooth_smplx|bb2img_trans|focal|princpt
/home/image/Desktop/SignAvatar_Generative_Project/data/annotations/wlasl_pkls_cropFalse_defult_shape/02854.pkl,02854.pkl,anyway,"(47, 182)",47,182,2.35,left_valid|right_valid|total_valid_index|2d|pred_2d|smplx|unsmooth_smplx|bb2img_trans|focal|princpt
/home/image/Desktop/SignAvatar_Generative_Project/data/annotations/wlasl_pkls_cropFalse_defult_shape/02855.pkl,02855.pkl,anyway,"(47, 182)",47,182,2.35,left_valid|right_valid|total_valid_index|2d|pred_2d|smplx|unsmooth_smplx|bb2img_trans|focal|princpt
/home/image/Desktop/SignAvatar_Generative_Project/data/annotations/wlasl_pkls_cropFalse_defult_shape/02856.pkl,02856.pkl,anyway,"(70, 182)",70,182,3.5,left_valid|right_valid|total_valid_index|2d|pred_2d|smplx|unsmooth_smplx|bb2img_trans|focal|princpt
/home/image/Desktop/SignAvatar_Generative_Project/data/annotations/wlasl_pkls_cropFalse_defult_shape/02863.pkl,02863.pkl,apart,"(22, 182)",22,182,1.1,left_valid|right_valid|total_valid_index|2d|pred_2d|smplx|unsmooth_smplx|bb2img_trans|focal|princpt
/home/image/Desktop/SignAvatar_Generative_Project/data/annotations/wlasl_pkls_cropFalse_defult_shape/02864.pkl,02864.pkl,apart,"(92, 182)",92,182,4.6,left_valid|right_valid|total_valid_index|2d|pred_2d|smplx|unsmooth_smplx|bb2img_trans|focal|princpt
/home/image/Desktop/SignAvatar_Generative_Project/data/annotations/wlasl_pkls_cropFalse_defult_shape/02865.pkl,02865.pkl,apart,"(70, 182)",70,182,3.5,left_valid|right_valid|total_valid_index|2d|pred_2d|smplx|unsmooth_smplx|bb2img_trans|focal|princpt
/home/image/Desktop/SignAvatar_Generative_Project/data/annotations/wlasl_pkls_cropFalse_defult_shape/02866.pkl,02866.pkl,apart,"(55, 182)",55,182,2.75,left_valid|right_valid|total_valid_index|2d|pred_2d|smplx|unsmooth_smplx|bb2img_trans|focal|princpt
/home/image/Desktop/SignAvatar_Generative_Project/data/annotations/wlasl_pkls_cropFalse_defult_shape/02867.pkl,02867.pkl,apart,"(43, 182)",43,182,2.15,left_valid|right_valid|total_valid_index|2d|pred_2d|smplx|unsmooth_smplx|bb2img_trans|focal|princpt
/home/image/Desktop/SignAvatar_Generative_Project/data/annotations/wlasl_pkls_cropFalse_defult_shape/02869.pkl,02869.pkl,apart,"(63, 182)",63,182,3.15,left_valid|right_valid|total_valid_index|2d|pred_2d|smplx|unsmooth_smplx|bb2img_trans|focal|princpt
/home/image/Desktop/SignAvatar_Generative_Project/data/annotations/wlasl_pkls_cropFalse_defult_shape/02870.pkl,02870.pkl,apart,"(64, 182)",64,182,3.2,left_valid|right_valid|total_valid_index|2d|pred_2d|smplx|unsmooth_smplx|bb2img_trans|focal|princpt
/home/image/Desktop/SignAvatar_Generative_Project/data/annotations/wlasl_pkls_cropFalse_defult_shape/02871.pkl,02871.pkl,apartment,"(41, 182)",41,182,2.05,left_valid|right_valid|total_valid_index|2d|pred_2d|smplx|unsmooth_smplx|bb2img_trans|focal|princpt
/home/image/Desktop/SignAvatar_Generative_Project/data/annotations/wlasl_pkls_cropFalse_defult_shape/02872.pkl,02872.pkl,apartment,"(110, 182)",110,182,5.5,left_valid|right_valid|total_valid_index|2d|pred_2d|smplx|unsmooth_smplx|bb2img_trans|focal|princpt
/home/image/Desktop/SignAvatar_Generative_Project/data/annotations/wlasl_pkls_cropFalse_defult_shape/02873.pkl,02873.pkl,apartment,"(59, 182)",59,182,2.95,left_valid|right_valid|total_valid_index|2d|pred_2d|smplx|unsmooth_smplx|bb2img_trans|focal|princpt
/home/image/Desktop/SignAvatar_Generative_Project/data/annotations/wlasl_pkls_cropFalse_defult_shape/02874.pkl,02874.pkl,apartment,"(23, 182)",23,182,1.15,left_valid|right_valid|total_valid_index|2d|pred_2d|smplx|unsmooth_smplx|bb2img_trans|focal|princpt
/home/image/Desktop/SignAvatar_Generative_Project/data/annotations/wlasl_pkls_cropFalse_defult_shape/02875.pkl,02875.pkl,apartment,"(122, 182)",122,182,6.1,left_valid|right_valid|total_valid_index|2d|pred_2d|smplx|unsmooth_smplx|bb2img_trans|focal|princpt
/home/image/Desktop/SignAvatar_Generative_Project/data/annotations/wlasl_pkls_cropFalse_defult_shape/02877.pkl,02877.pkl,apartment,"(31, 182)",31,182,1.55,left_valid|right_valid|total_valid_index|2d|pred_2d|smplx|unsmooth_smplx|bb2img_trans|focal|princpt
/home/image/Desktop/SignAvatar_Generative_Project/data/annotations/wlasl_pkls_cropFalse_defult_shape/02878.pkl,02878.pkl,apartment,"(64, 182)",64,182,3.2,left_valid|right_valid|total_valid_index|2d|pred_2d|smplx|unsmooth_smplx|bb2img_trans|focal|princpt
/home/image/Desktop/SignAvatar_Generative_Project/data/annotations/wlasl_pkls_cropFalse_defult_shape/02879.pkl,02879.pkl,apartment,"(58, 182)",58,182,2.9,left_valid|right_valid|total_valid_index|2d|pred_2d|smplx|unsmooth_smplx|bb2img_trans|focal|princpt
/home/image/Desktop/SignAvatar_Generative_Project/data/annotations/wlasl_pkls_cropFalse_defult_shape/02880.pkl,02880.pkl,apartment,"(79, 182)",79,182,3.95,left_valid|right_valid|total_valid_index|2d|pred_2d|smplx|unsmooth_smplx|bb2img_trans|focal|princpt
/home/image/Desktop/SignAvatar_Generative_Project/data/annotations/wlasl_pkls_cropFalse_defult_shape/02910.pkl,02910.pkl,apostrophe,"(114, 182)",114,182,5.7,left_valid|right_valid|total_valid_index|2d|pred_2d|smplx|unsmooth_smplx|bb2img_trans|focal|princpt
/home/image/Desktop/SignAvatar_Generative_Project/data/annotations/wlasl_pkls_cropFalse_defult_shape/02911.pkl,02911.pkl,apostrophe,"(30, 182)",30,182,1.5,left_valid|right_valid|total_valid_index|2d|pred_2d|smplx|unsmooth_smplx|bb2img_trans|focal|princpt
/home/image/Desktop/SignAvatar_Generative_Project/data/annotations/wlasl_pkls_cropFalse_defult_shape/02912.pkl,02912.pkl,apostrophe,"(29, 182)",29,182,1.45,left_valid|right_valid|total_valid_index|2d|pred_2d|smplx|unsmooth_smplx|bb2img_trans|focal|princpt
/home/image/Desktop/SignAvatar_Generative_Project/data/annotations/wlasl_pkls_cropFalse_defult_shape/02913.pkl,02913.pkl,apostrophe,"(52, 182)",52,182,2.6,left_valid|right_valid|total_valid_index|2d|pred_2d|smplx|unsmooth_smplx|bb2img_trans|focal|princpt
/home/image/Desktop/SignAvatar_Generative_Project/data/annotations/wlasl_pkls_cropFalse_defult_shape/02915.pkl,02915.pkl,apostrophe,"(28, 182)",28,182,1.4,left_valid|right_valid|total_valid_index|2d|pred_2d|smplx|unsmooth_smplx|bb2img_trans|focal|princpt
/home/image/Desktop/SignAvatar_Generative_Project/data/annotations/wlasl_pkls_cropFalse_defult_shape/02916.pkl,02916.pkl,apostrophe,"(52, 182)",52,182,2.6,left_valid|right_valid|total_valid_index|2d|pred_2d|smplx|unsmooth_smplx|bb2img_trans|focal|princpt
/home/image/Desktop/SignAvatar_Generative_Project/data/annotations/wlasl_pkls_cropFalse_defult_shape/02941.pkl,02941.pkl,appear,"(15, 182)",15,182,0.75,left_valid|right_valid|total_valid_index|2d|pred_2d|smplx|unsmooth_smplx|bb2img_trans|focal|princpt
/home/image/Desktop/SignAvatar_Generative_Project/data/annotations/wlasl_pkls_cropFalse_defult_shape/02951.pkl,02951.pkl,appear,"(108, 182)",108,182,5.4,left_valid|right_valid|total_valid_index|2d|pred_2d|smplx|unsmooth_smplx|bb2img_trans|focal|princpt
/home/image/Desktop/SignAvatar_Generative_Project/data/annotations/wlasl_pkls_cropFalse_defult_shape/02952.pkl,02952.pkl,appear,"(84, 182)",84,182,4.2,left_valid|right_valid|total_valid_index|2d|pred_2d|smplx|unsmooth_smplx|bb2img_trans|focal|princpt
/home/image/Desktop/SignAvatar_Generative_Project/data/annotations/wlasl_pkls_cropFalse_defult_shape/02953.pkl,02953.pkl,appear,"(34, 182)",34,182,1.7,left_valid|right_valid|total_valid_index|2d|pred_2d|smplx|unsmooth_smplx|bb2img_trans|focal|princpt
/home/image/Desktop/SignAvatar_Generative_Project/data/annotations/wlasl_pkls_cropFalse_defult_shape/02954.pkl,02954.pkl,appear,"(92, 182)",92,182,4.6,left_valid|right_valid|total_valid_index|2d|pred_2d|smplx|unsmooth_smplx|bb2img_trans|focal|princpt
/home/image/Desktop/SignAvatar_Generative_Project/data/annotations/wlasl_pkls_cropFalse_defult_shape/02955.pkl,02955.pkl,appear,"(31, 182)",31,182,1.55,left_valid|right_valid|total_valid_index|2d|pred_2d|smplx|unsmooth_smplx|bb2img_trans|focal|princpt
/home/image/Desktop/SignAvatar_Generative_Project/data/annotations/wlasl_pkls_cropFalse_defult_shape/02956.pkl,02956.pkl,appear,"(24, 182)",24,182,1.2,left_valid|right_valid|total_valid_index|2d|pred_2d|smplx|unsmooth_smplx|bb2img_trans|focal|princpt
/home/image/Desktop/SignAvatar_Generative_Project/data/annotations/wlasl_pkls_cropFalse_defult_shape/02959.pkl,02959.pkl,appear,"(62, 182)",62,182,3.1,left_valid|right_valid|total_valid_index|2d|pred_2d|smplx|unsmooth_smplx|bb2img_trans|focal|princpt
/home/image/Desktop/SignAvatar_Generative_Project/data/annotations/wlasl_pkls_cropFalse_defult_shape/02961.pkl,02961.pkl,appear,"(67, 182)",67,182,3.35,left_valid|right_valid|total_valid_index|2d|pred_2d|smplx|unsmooth_smplx|bb2img_trans|focal|princpt
/home/image/Desktop/SignAvatar_Generative_Project/data/annotations/wlasl_pkls_cropFalse_defult_shape/02968.pkl,02968.pkl,appetite,"(34, 182)",34,182,1.7,left_valid|right_valid|total_valid_index|2d|pred_2d|smplx|unsmooth_smplx|bb2img_trans|focal|princpt
/home/image/Desktop/SignAvatar_Generative_Project/data/annotations/wlasl_pkls_cropFalse_defult_shape/02969.pkl,02969.pkl,appetite,"(85, 182)",85,182,4.25,left_valid|right_valid|total_valid_index|2d|pred_2d|smplx|unsmooth_smplx|bb2img_trans|focal|princpt
/home/image/Desktop/SignAvatar_Generative_Project/data/annotations/wlasl_pkls_cropFalse_defult_shape/02970.pkl,02970.pkl,appetite,"(131, 182)",131,182,6.55,left_valid|right_valid|total_valid_index|2d|pred_2d|smplx|unsmooth_smplx|bb2img_trans|focal|princpt
/home/image/Desktop/SignAvatar_Generative_Project/data/annotations/wlasl_pkls_cropFalse_defult_shape/02971.pkl,02971.pkl,appetite,"(124, 182)",124,182,6.2,left_valid|right_valid|total_valid_index|2d|pred_2d|smplx|unsmooth_smplx|bb2img_trans|focal|princpt
/home/image/Desktop/SignAvatar_Generative_Project/data/annotations/wlasl_pkls_cropFalse_defult_shape/02972.pkl,02972.pkl,appetite,"(56, 182)",56,182,2.8,left_valid|right_valid|total_valid_index|2d|pred_2d|smplx|unsmooth_smplx|bb2img_trans|focal|princpt
/home/image/Desktop/SignAvatar_Generative_Project/data/annotations/wlasl_pkls_cropFalse_defult_shape/02973.pkl,02973.pkl,appetite,"(26, 182)",26,182,1.3,left_valid|right_valid|total_valid_index|2d|pred_2d|smplx|unsmooth_smplx|bb2img_trans|focal|princpt
/home/image/Desktop/SignAvatar_Generative_Project/data/annotations/wlasl_pkls_cropFalse_defult_shape/02974.pkl,02974.pkl,appetite,"(54, 182)",54,182,2.7,left_valid|right_valid|total_valid_index|2d|pred_2d|smplx|unsmooth_smplx|bb2img_trans|focal|princpt
/home/image/Desktop/SignAvatar_Generative_Project/data/annotations/wlasl_pkls_cropFalse_defult_shape/02975.pkl,02975.pkl,appetite,"(61, 182)",61,182,3.05,left_valid|right_valid|total_valid_index|2d|pred_2d|smplx|unsmooth_smplx|bb2img_trans|focal|princpt
/home/image/Desktop/SignAvatar_Generative_Project/data/annotations/wlasl_pkls_cropFalse_defult_shape/02997.pkl,02997.pkl,apple,"(46, 182)",46,182,2.3,left_valid|right_valid|total_valid_index|2d|pred_2d|smplx|unsmooth_smplx|bb2img_trans|focal|princpt
/home/image/Desktop/SignAvatar_Generative_Project/data/annotations/wlasl_pkls_cropFalse_defult_shape/02999.pkl,02999.pkl,apple,"(72, 182)",72,182,3.6,left_valid|right_valid|total_valid_index|2d|pred_2d|smplx|unsmooth_smplx|bb2img_trans|focal|princpt
/home/image/Desktop/SignAvatar_Generative_Project/data/annotations/wlasl_pkls_cropFalse_defult_shape/03000.pkl,03000.pkl,apple,"(89, 182)",89,182,4.45,left_valid|right_valid|total_valid_index|2d|pred_2d|smplx|unsmooth_smplx|bb2img_trans|focal|princpt
/home/image/Desktop/SignAvatar_Generative_Project/data/annotations/wlasl_pkls_cropFalse_defult_shape/03001.pkl,03001.pkl,apple,"(78, 182)",78,182,3.9,left_valid|right_valid|total_valid_index|2d|pred_2d|smplx|unsmooth_smplx|bb2img_trans|focal|princpt
/home/image/Desktop/SignAvatar_Generative_Project/data/annotations/wlasl_pkls_cropFalse_defult_shape/03002.pkl,03002.pkl,apple,"(57, 182)",57,182,2.85,left_valid|right_valid|total_valid_index|2d|pred_2d|smplx|unsmooth_smplx|bb2img_trans|focal|princpt
/home/image/Desktop/SignAvatar_Generative_Project/data/annotations/wlasl_pkls_cropFalse_defult_shape/03003.pkl,03003.pkl,apple,"(108, 182)",108,182,5.4,left_valid|right_valid|total_valid_index|2d|pred_2d|smplx|unsmooth_smplx|bb2img_trans|focal|princpt
/home/image/Desktop/SignAvatar_Generative_Project/data/annotations/wlasl_pkls_cropFalse_defult_shape/03004.pkl,03004.pkl,apple,"(8, 182)",8,182,0.4,left_valid|right_valid|total_valid_index|2d|pred_2d|smplx|unsmooth_smplx|bb2img_trans|focal|princpt
/home/image/Desktop/SignAvatar_Generative_Project/data/annotations/wlasl_pkls_cropFalse_defult_shape/03005.pkl,03005.pkl,apple,"(38, 182)",38,182,1.9,left_valid|right_valid|total_valid_index|2d|pred_2d|smplx|unsmooth_smplx|bb2img_trans|focal|princpt
/home/image/Desktop/SignAvatar_Generative_Project/data/annotations/wlasl_pkls_cropFalse_defult_shape/03006.pkl,03006.pkl,apple,"(58, 182)",58,182,2.9,left_valid|right_valid|total_valid_index|2d|pred_2d|smplx|unsmooth_smplx|bb2img_trans|focal|princpt
/home/image/Desktop/SignAvatar_Generative_Project/data/annotations/wlasl_pkls_cropFalse_defult_shape/03007.pkl,03007.pkl,apple,"(64, 182)",64,182,3.2,left_valid|right_valid|total_valid_index|2d|pred_2d|smplx|unsmooth_smplx|bb2img_trans|focal|princpt
/home/image/Desktop/SignAvatar_Generative_Project/data/annotations/wlasl_pkls_cropFalse_defult_shape/03008.pkl,03008.pkl,apple,"(74, 182)",74,182,3.7,left_valid|right_valid|total_valid_index|2d|pred_2d|smplx|unsmooth_smplx|bb2img_trans|focal|princpt
/home/image/Desktop/SignAvatar_Generative_Project/data/annotations/wlasl_pkls_cropFalse_defult_shape/03053.pkl,03053.pkl,appointment,"(35, 182)",35,182,1.75,left_valid|right_valid|total_valid_index|2d|pred_2d|smplx|unsmooth_smplx|bb2img_trans|focal|princpt
/home/image/Desktop/SignAvatar_Generative_Project/data/annotations/wlasl_pkls_cropFalse_defult_shape/03055.pkl,03055.pkl,appointment,"(182, 182)",182,182,9.1,left_valid|right_valid|total_valid_index|2d|pred_2d|smplx|unsmooth_smplx|bb2img_trans|focal|princpt
/home/image/Desktop/SignAvatar_Generative_Project/data/annotations/wlasl_pkls_cropFalse_defult_shape/03056.pkl,03056.pkl,appointment,"(114, 182)",114,182,5.7,left_valid|right_valid|total_valid_index|2d|pred_2d|smplx|unsmooth_smplx|bb2img_trans|focal|princpt
/home/image/Desktop/SignAvatar_Generative_Project/data/annotations/wlasl_pkls_cropFalse_defult_shape/03057.pkl,03057.pkl,appointment,"(82, 182)",82,182,4.1,left_valid|right_valid|total_valid_index|2d|pred_2d|smplx|unsmooth_smplx|bb2img_trans|focal|princpt
/home/image/Desktop/SignAvatar_Generative_Project/data/annotations/wlasl_pkls_cropFalse_defult_shape/03058.pkl,03058.pkl,appointment,"(48, 182)",48,182,2.4,left_valid|right_valid|total_valid_index|2d|pred_2d|smplx|unsmooth_smplx|bb2img_trans|focal|princpt
/home/image/Desktop/SignAvatar_Generative_Project/data/annotations/wlasl_pkls_cropFalse_defult_shape/03059.pkl,03059.pkl,appointment,"(81, 182)",81,182,4.05,left_valid|right_valid|total_valid_index|2d|pred_2d|smplx|unsmooth_smplx|bb2img_trans|focal|princpt
/home/image/Desktop/SignAvatar_Generative_Project/data/annotations/wlasl_pkls_cropFalse_defult_shape/03060.pkl,03060.pkl,appointment,"(103, 182)",103,182,5.15,left_valid|right_valid|total_valid_index|2d|pred_2d|smplx|unsmooth_smplx|bb2img_trans|focal|princpt
/home/image/Desktop/SignAvatar_Generative_Project/data/annotations/wlasl_pkls_cropFalse_defult_shape/03061.pkl,03061.pkl,appointment,"(42, 182)",42,182,2.1,left_valid|right_valid|total_valid_index|2d|pred_2d|smplx|unsmooth_smplx|bb2img_trans|focal|princpt
/home/image/Desktop/SignAvatar_Generative_Project/data/annotations/wlasl_pkls_cropFalse_defult_shape/03063.pkl,03063.pkl,appointment,"(79, 182)",79,182,3.95,left_valid|right_valid|total_valid_index|2d|pred_2d|smplx|unsmooth_smplx|bb2img_trans|focal|princpt
/home/image/Desktop/SignAvatar_Generative_Project/data/annotations/wlasl_pkls_cropFalse_defult_shape/03067.pkl,03067.pkl,appreciate,"(40, 182)",40,182,2.0,left_valid|right_valid|total_valid_index|2d|pred_2d|smplx|unsmooth_smplx|bb2img_trans|focal|princpt
/home/image/Desktop/SignAvatar_Generative_Project/data/annotations/wlasl_pkls_cropFalse_defult_shape/03068.pkl,03068.pkl,appreciate,"(109, 182)",109,182,5.45,left_valid|right_valid|total_valid_index|2d|pred_2d|smplx|unsmooth_smplx|bb2img_trans|focal|princpt
/home/image/Desktop/SignAvatar_Generative_Project/data/annotations/wlasl_pkls_cropFalse_defult_shape/03069.pkl,03069.pkl,appreciate,"(41, 182)",41,182,2.05,left_valid|right_valid|total_valid_index|2d|pred_2d|smplx|unsmooth_smplx|bb2img_trans|focal|princpt
/home/image/Desktop/SignAvatar_Generative_Project/data/annotations/wlasl_pkls_cropFalse_defult_shape/03070.pkl,03070.pkl,appreciate,"(74, 182)",74,182,3.7,left_valid|right_valid|total_valid_index|2d|pred_2d|smplx|unsmooth_smplx|bb2img_trans|focal|princpt
/home/image/Desktop/SignAvatar_Generative_Project/data/annotations/wlasl_pkls_cropFalse_defult_shape/03071.pkl,03071.pkl,appreciate,"(21, 182)",21,182,1.05,left_valid|right_valid|total_valid_index|2d|pred_2d|smplx|unsmooth_smplx|bb2img_trans|focal|princpt
/home/image/Desktop/SignAvatar_Generative_Project/data/annotations/wlasl_pkls_cropFalse_defult_shape/03072.pkl,03072.pkl,appreciate,"(122, 182)",122,182,6.1,left_valid|right_valid|total_valid_index|2d|pred_2d|smplx|unsmooth_smplx|bb2img_trans|focal|princpt
/home/image/Desktop/SignAvatar_Generative_Project/data/annotations/wlasl_pkls_cropFalse_defult_shape/03073.pkl,03073.pkl,appreciate,"(56, 182)",56,182,2.8,left_valid|right_valid|total_valid_index|2d|pred_2d|smplx|unsmooth_smplx|bb2img_trans|focal|princpt
/home/image/Desktop/SignAvatar_Generative_Project/data/annotations/wlasl_pkls_cropFalse_defult_shape/03074.pkl,03074.pkl,appreciate,"(74, 182)",74,182,3.7,left_valid|right_valid|total_valid_index|2d|pred_2d|smplx|unsmooth_smplx|bb2img_trans|focal|princpt
/home/image/Desktop/SignAvatar_Generative_Project/data/annotations/wlasl_pkls_cropFalse_defult_shape/03089.pkl,03089.pkl,approach,"(4, 182)",4,182,0.2,left_valid|right_valid|total_valid_index|2d|pred_2d|smplx|unsmooth_smplx|bb2img_trans|focal|princpt
/home/image/Desktop/SignAvatar_Generative_Project/data/annotations/wlasl_pkls_cropFalse_defult_shape/03092.pkl,03092.pkl,approach,"(40, 182)",40,182,2.0,left_valid|right_valid|total_valid_index|2d|pred_2d|smplx|unsmooth_smplx|bb2img_trans|focal|princpt
/home/image/Desktop/SignAvatar_Generative_Project/data/annotations/wlasl_pkls_cropFalse_defult_shape/03093.pkl,03093.pkl,approach,"(105, 182)",105,182,5.25,left_valid|right_valid|total_valid_index|2d|pred_2d|smplx|unsmooth_smplx|bb2img_trans|focal|princpt
/home/image/Desktop/SignAvatar_Generative_Project/data/annotations/wlasl_pkls_cropFalse_defult_shape/03094.pkl,03094.pkl,approach,"(55, 182)",55,182,2.75,left_valid|right_valid|total_valid_index|2d|pred_2d|smplx|unsmooth_smplx|bb2img_trans|focal|princpt
/home/image/Desktop/SignAvatar_Generative_Project/data/annotations/wlasl_pkls_cropFalse_defult_shape/03100.pkl,03100.pkl,appropriate,"(23, 182)",23,182,1.15,left_valid|right_valid|total_valid_index|2d|pred_2d|smplx|unsmooth_smplx|bb2img_trans|focal|princpt
/home/image/Desktop/SignAvatar_Generative_Project/data/annotations/wlasl_pkls_cropFalse_defult_shape/03101.pkl,03101.pkl,appropriate,"(93, 182)",93,182,4.65,left_valid|right_valid|total_valid_index|2d|pred_2d|smplx|unsmooth_smplx|bb2img_trans|focal|princpt
/home/image/Desktop/SignAvatar_Generative_Project/data/annotations/wlasl_pkls_cropFalse_defult_shape/03102.pkl,03102.pkl,appropriate,"(46, 182)",46,182,2.3,left_valid|right_valid|total_valid_index|2d|pred_2d|smplx|unsmooth_smplx|bb2img_trans|focal|princpt
/home/image/Desktop/SignAvatar_Generative_Project/data/annotations/wlasl_pkls_cropFalse_defult_shape/03103.pkl,03103.pkl,appropriate,"(96, 182)",96,182,4.8,left_valid|right_valid|total_valid_index|2d|pred_2d|smplx|unsmooth_smplx|bb2img_trans|focal|princpt
/home/image/Desktop/SignAvatar_Generative_Project/data/annotations/wlasl_pkls_cropFalse_defult_shape/03104.pkl,03104.pkl,appropriate,"(32, 182)",32,182,1.6,left_valid|right_valid|total_valid_index|2d|pred_2d|smplx|unsmooth_smplx|bb2img_trans|focal|princpt
/home/image/Desktop/SignAvatar_Generative_Project/data/annotations/wlasl_pkls_cropFalse_defult_shape/03105.pkl,03105.pkl,appropriate,"(52, 182)",52,182,2.6,left_valid|right_valid|total_valid_index|2d|pred_2d|smplx|unsmooth_smplx|bb2img_trans|focal|princpt
/home/image/Desktop/SignAvatar_Generative_Project/data/annotations/wlasl_pkls_cropFalse_defult_shape/03106.pkl,03106.pkl,appropriate,"(60, 182)",60,182,3.0,left_valid|right_valid|total_valid_index|2d|pred_2d|smplx|unsmooth_smplx|bb2img_trans|focal|princpt
/home/image/Desktop/SignAvatar_Generative_Project/data/annotations/wlasl_pkls_cropFalse_defult_shape/03107.pkl,03107.pkl,appropriate,"(60, 182)",60,182,3.0,left_valid|right_valid|total_valid_index|2d|pred_2d|smplx|unsmooth_smplx|bb2img_trans|focal|princpt
/home/image/Desktop/SignAvatar_Generative_Project/data/annotations/wlasl_pkls_cropFalse_defult_shape/03108.pkl,03108.pkl,appropriate,"(75, 182)",75,182,3.75,left_valid|right_valid|total_valid_index|2d|pred_2d|smplx|unsmooth_smplx|bb2img_trans|focal|princpt
/home/image/Desktop/SignAvatar_Generative_Project/data/annotations/wlasl_pkls_cropFalse_defult_shape/03117.pkl,03117.pkl,approve,"(20, 182)",20,182,1.0,left_valid|right_valid|total_valid_index|2d|pred_2d|smplx|unsmooth_smplx|bb2img_trans|focal|princpt
/home/image/Desktop/SignAvatar_Generative_Project/data/annotations/wlasl_pkls_cropFalse_defult_shape/03118.pkl,03118.pkl,approve,"(141, 182)",141,182,7.05,left_valid|right_valid|total_valid_index|2d|pred_2d|smplx|unsmooth_smplx|bb2img_trans|focal|princpt
/home/image/Desktop/SignAvatar_Generative_Project/data/annotations/wlasl_pkls_cropFalse_defult_shape/03119.pkl,03119.pkl,approve,"(88, 182)",88,182,4.4,left_valid|right_valid|total_valid_index|2d|pred_2d|smplx|unsmooth_smplx|bb2img_trans|focal|princpt
/home/image/Desktop/SignAvatar_Generative_Project/data/annotations/wlasl_pkls_cropFalse_defult_shape/03120.pkl,03120.pkl,approve,"(104, 182)",104,182,5.2,left_valid|right_valid|total_valid_index|2d|pred_2d|smplx|unsmooth_smplx|bb2img_trans|focal|princpt
/home/image/Desktop/SignAvatar_Generative_Project/data/annotations/wlasl_pkls_cropFalse_defult_shape/03121.pkl,03121.pkl,approve,"(31, 182)",31,182,1.55,left_valid|right_valid|total_valid_index|2d|pred_2d|smplx|unsmooth_smplx|bb2img_trans|focal|princpt
/home/image/Desktop/SignAvatar_Generative_Project/data/annotations/wlasl_pkls_cropFalse_defult_shape/03122.pkl,03122.pkl,approve,"(93, 182)",93,182,4.65,left_valid|right_valid|total_valid_index|2d|pred_2d|smplx|unsmooth_smplx|bb2img_trans|focal|princpt
/home/image/Desktop/SignAvatar_Generative_Project/data/annotations/wlasl_pkls_cropFalse_defult_shape/03123.pkl,03123.pkl,approve,"(55, 182)",55,182,2.75,left_valid|right_valid|total_valid_index|2d|pred_2d|smplx|unsmooth_smplx|bb2img_trans|focal|princpt
/home/image/Desktop/SignAvatar_Generative_Project/data/annotations/wlasl_pkls_cropFalse_defult_shape/03124.pkl,03124.pkl,approve,"(34, 182)",34,182,1.7,left_valid|right_valid|total_valid_index|2d|pred_2d|smplx|unsmooth_smplx|bb2img_trans|focal|princpt
/home/image/Desktop/SignAvatar_Generative_Project/data/annotations/wlasl_pkls_cropFalse_defult_shape/03125.pkl,03125.pkl,approve,"(26, 182)",26,182,1.3,left_valid|right_valid|total_valid_index|2d|pred_2d|smplx|unsmooth_smplx|bb2img_trans|focal|princpt
/home/image/Desktop/SignAvatar_Generative_Project/data/annotations/wlasl_pkls_cropFalse_defult_shape/03126.pkl,03126.pkl,approve,"(82, 182)",82,182,4.1,left_valid|right_valid|total_valid_index|2d|pred_2d|smplx|unsmooth_smplx|bb2img_trans|focal|princpt
/home/image/Desktop/SignAvatar_Generative_Project/data/annotations/wlasl_pkls_cropFalse_defult_shape/03127.pkl,03127.pkl,approve,"(73, 182)",73,182,3.65,left_valid|right_valid|total_valid_index|2d|pred_2d|smplx|unsmooth_smplx|bb2img_trans|focal|princpt
/home/image/Desktop/SignAvatar_Generative_Project/data/annotations/wlasl_pkls_cropFalse_defult_shape/03128.pkl,03128.pkl,approve,"(77, 182)",77,182,3.85,left_valid|right_valid|total_valid_index|2d|pred_2d|smplx|unsmooth_smplx|bb2img_trans|focal|princpt
/home/image/Desktop/SignAvatar_Generative_Project/data/annotations/wlasl_pkls_cropFalse_defult_shape/03129.pkl,03129.pkl,approve,"(61, 182)",61,182,3.05,left_valid|right_valid|total_valid_index|2d|pred_2d|smplx|unsmooth_smplx|bb2img_trans|focal|princpt
/home/image/Desktop/SignAvatar_Generative_Project/data/annotations/wlasl_pkls_cropFalse_defult_shape/03130.pkl,03130.pkl,approve,"(48, 182)",48,182,2.4,left_valid|right_valid|total_valid_index|2d|pred_2d|smplx|unsmooth_smplx|bb2img_trans|focal|princpt
/home/image/Desktop/SignAvatar_Generative_Project/data/annotations/wlasl_pkls_cropFalse_defult_shape/03131.pkl,03131.pkl,approve,"(63, 182)",63,182,3.15,left_valid|right_valid|total_valid_index|2d|pred_2d|smplx|unsmooth_smplx|bb2img_trans|focal|princpt
/home/image/Desktop/SignAvatar_Generative_Project/data/annotations/wlasl_pkls_cropFalse_defult_shape/03150.pkl,03150.pkl,april,"(68, 182)",68,182,3.4,left_valid|right_valid|total_valid_index|2d|pred_2d|smplx|unsmooth_smplx|bb2img_trans|focal|princpt
/home/image/Desktop/SignAvatar_Generative_Project/data/annotations/wlasl_pkls_cropFalse_defult_shape/03154.pkl,03154.pkl,april,"(129, 182)",129,182,6.45,left_valid|right_valid|total_valid_index|2d|pred_2d|smplx|unsmooth_smplx|bb2img_trans|focal|princpt
/home/image/Desktop/SignAvatar_Generative_Project/data/annotations/wlasl_pkls_cropFalse_defult_shape/03155.pkl,03155.pkl,april,"(54, 182)",54,182,2.7,left_valid|right_valid|total_valid_index|2d|pred_2d|smplx|unsmooth_smplx|bb2img_trans|focal|princpt
/home/image/Desktop/SignAvatar_Generative_Project/data/annotations/wlasl_pkls_cropFalse_defult_shape/03156.pkl,03156.pkl,april,"(195, 182)",195,182,9.75,left_valid|right_valid|total_valid_index|2d|pred_2d|smplx|unsmooth_smplx|bb2img_trans|focal|princpt
/home/image/Desktop/SignAvatar_Generative_Project/data/annotations/wlasl_pkls_cropFalse_defult_shape/03157.pkl,03157.pkl,april,"(50, 182)",50,182,2.5,left_valid|right_valid|total_valid_index|2d|pred_2d|smplx|unsmooth_smplx|bb2img_trans|focal|princpt
/home/image/Desktop/SignAvatar_Generative_Project/data/annotations/wlasl_pkls_cropFalse_defult_shape/03158.pkl,03158.pkl,april,"(59, 182)",59,182,2.95,left_valid|right_valid|total_valid_index|2d|pred_2d|smplx|unsmooth_smplx|bb2img_trans|focal|princpt
/home/image/Desktop/SignAvatar_Generative_Project/data/annotations/wlasl_pkls_cropFalse_defult_shape/03159.pkl,03159.pkl,april,"(56, 182)",56,182,2.8,left_valid|right_valid|total_valid_index|2d|pred_2d|smplx|unsmooth_smplx|bb2img_trans|focal|princpt
/home/image/Desktop/SignAvatar_Generative_Project/data/annotations/wlasl_pkls_cropFalse_defult_shape/03161.pkl,03161.pkl,april,"(85, 182)",85,182,4.25,left_valid|right_valid|total_valid_index|2d|pred_2d|smplx|unsmooth_smplx|bb2img_trans|focal|princpt
/home/image/Desktop/SignAvatar_Generative_Project/data/annotations/wlasl_pkls_cropFalse_defult_shape/03199.pkl,03199.pkl,archery,"(29, 182)",29,182,1.45,left_valid|right_valid|total_valid_index|2d|pred_2d|smplx|unsmooth_smplx|bb2img_trans|focal|princpt
/home/image/Desktop/SignAvatar_Generative_Project/data/annotations/wlasl_pkls_cropFalse_defult_shape/03201.pkl,03201.pkl,archery,"(63, 182)",63,182,3.15,left_valid|right_valid|total_valid_index|2d|pred_2d|smplx|unsmooth_smplx|bb2img_trans|focal|princpt
/home/image/Desktop/SignAvatar_Generative_Project/data/annotations/wlasl_pkls_cropFalse_defult_shape/03202.pkl,03202.pkl,archery,"(60, 182)",60,182,3.0,left_valid|right_valid|total_valid_index|2d|pred_2d|smplx|unsmooth_smplx|bb2img_trans|focal|princpt
/home/image/Desktop/SignAvatar_Generative_Project/data/annotations/wlasl_pkls_cropFalse_defult_shape/03203.pkl,03203.pkl,archery,"(48, 182)",48,182,2.4,left_valid|right_valid|total_valid_index|2d|pred_2d|smplx|unsmooth_smplx|bb2img_trans|focal|princpt
/home/image/Desktop/SignAvatar_Generative_Project/data/annotations/wlasl_pkls_cropFalse_defult_shape/03204.pkl,03204.pkl,archery,"(42, 182)",42,182,2.1,left_valid|right_valid|total_valid_index|2d|pred_2d|smplx|unsmooth_smplx|bb2img_trans|focal|princpt
/home/image/Desktop/SignAvatar_Generative_Project/data/annotations/wlasl_pkls_cropFalse_defult_shape/03205.pkl,03205.pkl,archery,"(45, 182)",45,182,2.25,left_valid|right_valid|total_valid_index|2d|pred_2d|smplx|unsmooth_smplx|bb2img_trans|focal|princpt
/home/image/Desktop/SignAvatar_Generative_Project/data/annotations/wlasl_pkls_cropFalse_defult_shape/03206.pkl,03206.pkl,archery,"(85, 182)",85,182,4.25,left_valid|right_valid|total_valid_index|2d|pred_2d|smplx|unsmooth_smplx|bb2img_trans|focal|princpt
/home/image/Desktop/SignAvatar_Generative_Project/data/annotations/wlasl_pkls_cropFalse_defult_shape/03207.pkl,03207.pkl,archery,"(71, 182)",71,182,3.55,left_valid|right_valid|total_valid_index|2d|pred_2d|smplx|unsmooth_smplx|bb2img_trans|focal|princpt
/home/image/Desktop/SignAvatar_Generative_Project/data/annotations/wlasl_pkls_cropFalse_defult_shape/03234.pkl,03234.pkl,area,"(85, 182)",85,182,4.25,left_valid|right_valid|total_valid_index|2d|pred_2d|smplx|unsmooth_smplx|bb2img_trans|focal|princpt
/home/image/Desktop/SignAvatar_Generative_Project/data/annotations/wlasl_pkls_cropFalse_defult_shape/03235.pkl,03235.pkl,area,"(34, 182)",34,182,1.7,left_valid|right_valid|total_valid_index|2d|pred_2d|smplx|unsmooth_smplx|bb2img_trans|focal|princpt
/home/image/Desktop/SignAvatar_Generative_Project/data/annotations/wlasl_pkls_cropFalse_defult_shape/03237.pkl,03237.pkl,area,"(45, 182)",45,182,2.25,left_valid|right_valid|total_valid_index|2d|pred_2d|smplx|unsmooth_smplx|bb2img_trans|focal|princpt
/home/image/Desktop/SignAvatar_Generative_Project/data/annotations/wlasl_pkls_cropFalse_defult_shape/03238.pkl,03238.pkl,area,"(94, 182)",94,182,4.7,left_valid|right_valid|total_valid_index|2d|pred_2d|smplx|unsmooth_smplx|bb2img_trans|focal|princpt
/home/image/Desktop/SignAvatar_Generative_Project/data/annotations/wlasl_pkls_cropFalse_defult_shape/03239.pkl,03239.pkl,area,"(25, 182)",25,182,1.25,left_valid|right_valid|total_valid_index|2d|pred_2d|smplx|unsmooth_smplx|bb2img_trans|focal|princpt
/home/image/Desktop/SignAvatar_Generative_Project/data/annotations/wlasl_pkls_cropFalse_defult_shape/03240.pkl,03240.pkl,area,"(53, 182)",53,182,2.65,left_valid|right_valid|total_valid_index|2d|pred_2d|smplx|unsmooth_smplx|bb2img_trans|focal|princpt
/home/image/Desktop/SignAvatar_Generative_Project/data/annotations/wlasl_pkls_cropFalse_defult_shape/03243.pkl,03243.pkl,area,"(75, 182)",75,182,3.75,left_valid|right_valid|total_valid_index|2d|pred_2d|smplx|unsmooth_smplx|bb2img_trans|focal|princpt
/home/image/Desktop/SignAvatar_Generative_Project/data/annotations/wlasl_pkls_cropFalse_defult_shape/03244.pkl,03244.pkl,area,"(62, 182)",62,182,3.1,left_valid|right_valid|total_valid_index|2d|pred_2d|smplx|unsmooth_smplx|bb2img_trans|focal|princpt
/home/image/Desktop/SignAvatar_Generative_Project/data/annotations/wlasl_pkls_cropFalse_defult_shape/03245.pkl,03245.pkl,area,"(77, 182)",77,182,3.85,left_valid|right_valid|total_valid_index|2d|pred_2d|smplx|unsmooth_smplx|bb2img_trans|focal|princpt
/home/image/Desktop/SignAvatar_Generative_Project/data/annotations/wlasl_pkls_cropFalse_defult_shape/03246.pkl,03246.pkl,area,"(78, 182)",78,182,3.9,left_valid|right_valid|total_valid_index|2d|pred_2d|smplx|unsmooth_smplx|bb2img_trans|focal|princpt
/home/image/Desktop/SignAvatar_Generative_Project/data/annotations/wlasl_pkls_cropFalse_defult_shape/03266.pkl,03266.pkl,argue,"(34, 182)",34,182,1.7,left_valid|right_valid|total_valid_index|2d|pred_2d|smplx|unsmooth_smplx|bb2img_trans|focal|princpt
/home/image/Desktop/SignAvatar_Generative_Project/data/annotations/wlasl_pkls_cropFalse_defult_shape/03267.pkl,03267.pkl,argue,"(87, 182)",87,182,4.35,left_valid|right_valid|total_valid_index|2d|pred_2d|smplx|unsmooth_smplx|bb2img_trans|focal|princpt
/home/image/Desktop/SignAvatar_Generative_Project/data/annotations/wlasl_pkls_cropFalse_defult_shape/03268.pkl,03268.pkl,argue,"(94, 182)",94,182,4.7,left_valid|right_valid|total_valid_index|2d|pred_2d|smplx|unsmooth_smplx|bb2img_trans|focal|princpt
/home/image/Desktop/SignAvatar_Generative_Project/data/annotations/wlasl_pkls_cropFalse_defult_shape/03270.pkl,03270.pkl,argue,"(66, 182)",66,182,3.3,left_valid|right_valid|total_valid_index|2d|pred_2d|smplx|unsmooth_smplx|bb2img_trans|focal|princpt
/home/image/Desktop/SignAvatar_Generative_Project/data/annotations/wlasl_pkls_cropFalse_defult_shape/03272.pkl,03272.pkl,argue,"(34, 182)",34,182,1.7,left_valid|right_valid|total_valid_index|2d|pred_2d|smplx|unsmooth_smplx|bb2img_trans|focal|princpt
/home/image/Desktop/SignAvatar_Generative_Project/data/annotations/wlasl_pkls_cropFalse_defult_shape/03273.pkl,03273.pkl,argue,"(40, 182)",40,182,2.0,left_valid|right_valid|total_valid_index|2d|pred_2d|smplx|unsmooth_smplx|bb2img_trans|focal|princpt
/home/image/Desktop/SignAvatar_Generative_Project/data/annotations/wlasl_pkls_cropFalse_defult_shape/03274.pkl,03274.pkl,argue,"(101, 182)",101,182,5.05,left_valid|right_valid|total_valid_index|2d|pred_2d|smplx|unsmooth_smplx|bb2img_trans|focal|princpt
/home/image/Desktop/SignAvatar_Generative_Project/data/annotations/wlasl_pkls_cropFalse_defult_shape/03276.pkl,03276.pkl,argue,"(53, 182)",53,182,2.65,left_valid|right_valid|total_valid_index|2d|pred_2d|smplx|unsmooth_smplx|bb2img_trans|focal|princpt
/home/image/Desktop/SignAvatar_Generative_Project/data/annotations/wlasl_pkls_cropFalse_defult_shape/03277.pkl,03277.pkl,argue,"(45, 182)",45,182,2.25,left_valid|right_valid|total_valid_index|2d|pred_2d|smplx|unsmooth_smplx|bb2img_trans|focal|princpt
/home/image/Desktop/SignAvatar_Generative_Project/data/annotations/wlasl_pkls_cropFalse_defult_shape/03278.pkl,03278.pkl,argue,"(48, 182)",48,182,2.4,left_valid|right_valid|total_valid_index|2d|pred_2d|smplx|unsmooth_smplx|bb2img_trans|focal|princpt
/home/image/Desktop/SignAvatar_Generative_Project/data/annotations/wlasl_pkls_cropFalse_defult_shape/03280.pkl,03280.pkl,argue,"(65, 182)",65,182,3.25,left_valid|right_valid|total_valid_index|2d|pred_2d|smplx|unsmooth_smplx|bb2img_trans|focal|princpt
/home/image/Desktop/SignAvatar_Generative_Project/data/annotations/wlasl_pkls_cropFalse_defult_shape/03281.pkl,03281.pkl,argue,"(69, 182)",69,182,3.45,left_valid|right_valid|total_valid_index|2d|pred_2d|smplx|unsmooth_smplx|bb2img_trans|focal|princpt
/home/image/Desktop/SignAvatar_Generative_Project/data/annotations/wlasl_pkls_cropFalse_defult_shape/03282.pkl,03282.pkl,argue,"(68, 182)",68,182,3.4,left_valid|right_valid|total_valid_index|2d|pred_2d|smplx|unsmooth_smplx|bb2img_trans|focal|princpt
/home/image/Desktop/SignAvatar_Generative_Project/data/annotations/wlasl_pkls_cropFalse_defult_shape/03311.pkl,03311.pkl,arizona,"(52, 182)",52,182,2.6,left_valid|right_valid|total_valid_index|2d|pred_2d|smplx|unsmooth_smplx|bb2img_trans|focal|princpt
/home/image/Desktop/SignAvatar_Generative_Project/data/annotations/wlasl_pkls_cropFalse_defult_shape/03315.pkl,03315.pkl,arizona,"(37, 182)",37,182,1.85,left_valid|right_valid|total_valid_index|2d|pred_2d|smplx|unsmooth_smplx|bb2img_trans|focal|princpt
/home/image/Desktop/SignAvatar_Generative_Project/data/annotations/wlasl_pkls_cropFalse_defult_shape/03317.pkl,03317.pkl,arizona,"(60, 182)",60,182,3.0,left_valid|right_valid|total_valid_index|2d|pred_2d|smplx|unsmooth_smplx|bb2img_trans|focal|princpt
/home/image/Desktop/SignAvatar_Generative_Project/data/annotations/wlasl_pkls_cropFalse_defult_shape/03318.pkl,03318.pkl,arizona,"(48, 182)",48,182,2.4,left_valid|right_valid|total_valid_index|2d|pred_2d|smplx|unsmooth_smplx|bb2img_trans|focal|princpt
/home/image/Desktop/SignAvatar_Generative_Project/data/annotations/wlasl_pkls_cropFalse_defult_shape/03320.pkl,03320.pkl,arizona,"(77, 182)",77,182,3.85,left_valid|right_valid|total_valid_index|2d|pred_2d|smplx|unsmooth_smplx|bb2img_trans|focal|princpt
/home/image/Desktop/SignAvatar_Generative_Project/data/annotations/wlasl_pkls_cropFalse_defult_shape/03328.pkl,03328.pkl,arm,"(42, 182)",42,182,2.1,left_valid|right_valid|total_valid_index|2d|pred_2d|smplx|unsmooth_smplx|bb2img_trans|focal|princpt
/home/image/Desktop/SignAvatar_Generative_Project/data/annotations/wlasl_pkls_cropFalse_defult_shape/03337.pkl,03337.pkl,arm,"(78, 182)",78,182,3.9,left_valid|right_valid|total_valid_index|2d|pred_2d|smplx|unsmooth_smplx|bb2img_trans|focal|princpt
/home/image/Desktop/SignAvatar_Generative_Project/data/annotations/wlasl_pkls_cropFalse_defult_shape/03338.pkl,03338.pkl,arm,"(37, 182)",37,182,1.85,left_valid|right_valid|total_valid_index|2d|pred_2d|smplx|unsmooth_smplx|bb2img_trans|focal|princpt
/home/image/Desktop/SignAvatar_Generative_Project/data/annotations/wlasl_pkls_cropFalse_defult_shape/03339.pkl,03339.pkl,arm,"(96, 182)",96,182,4.8,left_valid|right_valid|total_valid_index|2d|pred_2d|smplx|unsmooth_smplx|bb2img_trans|focal|princpt
/home/image/Desktop/SignAvatar_Generative_Project/data/annotations/wlasl_pkls_cropFalse_defult_shape/03340.pkl,03340.pkl,arm,"(53, 182)",53,182,2.65,left_valid|right_valid|total_valid_index|2d|pred_2d|smplx|unsmooth_smplx|bb2img_trans|focal|princpt
/home/image/Desktop/SignAvatar_Generative_Project/data/annotations/wlasl_pkls_cropFalse_defult_shape/03342.pkl,03342.pkl,arm,"(31, 182)",31,182,1.55,left_valid|right_valid|total_valid_index|2d|pred_2d|smplx|unsmooth_smplx|bb2img_trans|focal|princpt
/home/image/Desktop/SignAvatar_Generative_Project/data/annotations/wlasl_pkls_cropFalse_defult_shape/03343.pkl,03343.pkl,arm,"(53, 182)",53,182,2.65,left_valid|right_valid|total_valid_index|2d|pred_2d|smplx|unsmooth_smplx|bb2img_trans|focal|princpt
/home/image/Desktop/SignAvatar_Generative_Project/data/annotations/wlasl_pkls_cropFalse_defult_shape/03344.pkl,03344.pkl,arm,"(70, 182)",70,182,3.5,left_valid|right_valid|total_valid_index|2d|pred_2d|smplx|unsmooth_smplx|bb2img_trans|focal|princpt
/home/image/Desktop/SignAvatar_Generative_Project/data/annotations/wlasl_pkls_cropFalse_defult_shape/03360.pkl,03360.pkl,army,"(27, 182)",27,182,1.35,left_valid|right_valid|total_valid_index|2d|pred_2d|smplx|unsmooth_smplx|bb2img_trans|focal|princpt
/home/image/Desktop/SignAvatar_Generative_Project/data/annotations/wlasl_pkls_cropFalse_defult_shape/03361.pkl,03361.pkl,army,"(71, 182)",71,182,3.55,left_valid|right_valid|total_valid_index|2d|pred_2d|smplx|unsmooth_smplx|bb2img_trans|focal|princpt
/home/image/Desktop/SignAvatar_Generative_Project/data/annotations/wlasl_pkls_cropFalse_defult_shape/03362.pkl,03362.pkl,army,"(89, 182)",89,182,4.45,left_valid|right_valid|total_valid_index|2d|pred_2d|smplx|unsmooth_smplx|bb2img_trans|focal|princpt
/home/image/Desktop/SignAvatar_Generative_Project/data/annotations/wlasl_pkls_cropFalse_defult_shape/03363.pkl,03363.pkl,army,"(55, 182)",55,182,2.75,left_valid|right_valid|total_valid_index|2d|pred_2d|smplx|unsmooth_smplx|bb2img_trans|focal|princpt
/home/image/Desktop/SignAvatar_Generative_Project/data/annotations/wlasl_pkls_cropFalse_defult_shape/03364.pkl,03364.pkl,army,"(36, 182)",36,182,1.8,left_valid|right_valid|total_valid_index|2d|pred_2d|smplx|unsmooth_smplx|bb2img_trans|focal|princpt
/home/image/Desktop/SignAvatar_Generative_Project/data/annotations/wlasl_pkls_cropFalse_defult_shape/03366.pkl,03366.pkl,army,"(72, 182)",72,182,3.6,left_valid|right_valid|total_valid_index|2d|pred_2d|smplx|unsmooth_smplx|bb2img_trans|focal|princpt
/home/image/Desktop/SignAvatar_Generative_Project/data/annotations/wlasl_pkls_cropFalse_defult_shape/03367.pkl,03367.pkl,army,"(58, 182)",58,182,2.9,left_valid|right_valid|total_valid_index|2d|pred_2d|smplx|unsmooth_smplx|bb2img_trans|focal|princpt
/home/image/Desktop/SignAvatar_Generative_Project/data/annotations/wlasl_pkls_cropFalse_defult_shape/03368.pkl,03368.pkl,army,"(84, 182)",84,182,4.2,left_valid|right_valid|total_valid_index|2d|pred_2d|smplx|unsmooth_smplx|bb2img_trans|focal|princpt
/home/image/Desktop/SignAvatar_Generative_Project/data/annotations/wlasl_pkls_cropFalse_defult_shape/03377.pkl,03377.pkl,around,"(45, 182)",45,182,2.25,left_valid|right_valid|total_valid_index|2d|pred_2d|smplx|unsmooth_smplx|bb2img_trans|focal|princpt
/home/image/Desktop/SignAvatar_Generative_Project/data/annotations/wlasl_pkls_cropFalse_defult_shape/03378.pkl,03378.pkl,around,"(96, 182)",96,182,4.8,left_valid|right_valid|total_valid_index|2d|pred_2d|smplx|unsmooth_smplx|bb2img_trans|focal|princpt
/home/image/Desktop/SignAvatar_Generative_Project/data/annotations/wlasl_pkls_cropFalse_defult_shape/03380.pkl,03380.pkl,around,"(57, 182)",57,182,2.85,left_valid|right_valid|total_valid_index|2d|pred_2d|smplx|unsmooth_smplx|bb2img_trans|focal|princpt
/home/image/Desktop/SignAvatar_Generative_Project/data/annotations/wlasl_pkls_cropFalse_defult_shape/03382.pkl,03382.pkl,around,"(57, 182)",57,182,2.85,left_valid|right_valid|total_valid_index|2d|pred_2d|smplx|unsmooth_smplx|bb2img_trans|focal|princpt
/home/image/Desktop/SignAvatar_Generative_Project/data/annotations/wlasl_pkls_cropFalse_defult_shape/03385.pkl,03385.pkl,around,"(90, 182)",90,182,4.5,left_valid|right_valid|total_valid_index|2d|pred_2d|smplx|unsmooth_smplx|bb2img_trans|focal|princpt
/home/image/Desktop/SignAvatar_Generative_Project/data/annotations/wlasl_pkls_cropFalse_defult_shape/03387.pkl,03387.pkl,around,"(58, 182)",58,182,2.9,left_valid|right_valid|total_valid_index|2d|pred_2d|smplx|unsmooth_smplx|bb2img_trans|focal|princpt
/home/image/Desktop/SignAvatar_Generative_Project/data/annotations/wlasl_pkls_cropFalse_defult_shape/03389.pkl,03389.pkl,around,"(94, 182)",94,182,4.7,left_valid|right_valid|total_valid_index|2d|pred_2d|smplx|unsmooth_smplx|bb2img_trans|focal|princpt
/home/image/Desktop/SignAvatar_Generative_Project/data/annotations/wlasl_pkls_cropFalse_defult_shape/03417.pkl,03417.pkl,arrest,"(22, 182)",22,182,1.1,left_valid|right_valid|total_valid_index|2d|pred_2d|smplx|unsmooth_smplx|bb2img_trans|focal|princpt
/home/image/Desktop/SignAvatar_Generative_Project/data/annotations/wlasl_pkls_cropFalse_defult_shape/03418.pkl,03418.pkl,arrest,"(25, 182)",25,182,1.25,left_valid|right_valid|total_valid_index|2d|pred_2d|smplx|unsmooth_smplx|bb2img_trans|focal|princpt
/home/image/Desktop/SignAvatar_Generative_Project/data/annotations/wlasl_pkls_cropFalse_defult_shape/03419.pkl,03419.pkl,arrest,"(21, 182)",21,182,1.05,left_valid|right_valid|total_valid_index|2d|pred_2d|smplx|unsmooth_smplx|bb2img_trans|focal|princpt
/home/image/Desktop/SignAvatar_Generative_Project/data/annotations/wlasl_pkls_cropFalse_defult_shape/03420.pkl,03420.pkl,arrest,"(26, 182)",26,182,1.3,left_valid|right_valid|total_valid_index|2d|pred_2d|smplx|unsmooth_smplx|bb2img_trans|focal|princpt
/home/image/Desktop/SignAvatar_Generative_Project/data/annotations/wlasl_pkls_cropFalse_defult_shape/03422.pkl,03422.pkl,arrest,"(55, 182)",55,182,2.75,left_valid|right_valid|total_valid_index|2d|pred_2d|smplx|unsmooth_smplx|bb2img_trans|focal|princpt
/home/image/Desktop/SignAvatar_Generative_Project/data/annotations/wlasl_pkls_cropFalse_defult_shape/03423.pkl,03423.pkl,arrest,"(40, 182)",40,182,2.0,left_valid|right_valid|total_valid_index|2d|pred_2d|smplx|unsmooth_smplx|bb2img_trans|focal|princpt
/home/image/Desktop/SignAvatar_Generative_Project/data/annotations/wlasl_pkls_cropFalse_defult_shape/03425.pkl,03425.pkl,arrest,"(32, 182)",32,182,1.6,left_valid|right_valid|total_valid_index|2d|pred_2d|smplx|unsmooth_smplx|bb2img_trans|focal|princpt
/home/image/Desktop/SignAvatar_Generative_Project/data/annotations/wlasl_pkls_cropFalse_defult_shape/03426.pkl,03426.pkl,arrest,"(55, 182)",55,182,2.75,left_valid|right_valid|total_valid_index|2d|pred_2d|smplx|unsmooth_smplx|bb2img_trans|focal|princpt
/home/image/Desktop/SignAvatar_Generative_Project/data/annotations/wlasl_pkls_cropFalse_defult_shape/03430.pkl,03430.pkl,arrest,"(74, 182)",74,182,3.7,left_valid|right_valid|total_valid_index|2d|pred_2d|smplx|unsmooth_smplx|bb2img_trans|focal|princpt
/home/image/Desktop/SignAvatar_Generative_Project/data/annotations/wlasl_pkls_cropFalse_defult_shape/03434.pkl,03434.pkl,arrive,"(22, 182)",22,182,1.1,left_valid|right_valid|total_valid_index|2d|pred_2d|smplx|unsmooth_smplx|bb2img_trans|focal|princpt
/home/image/Desktop/SignAvatar_Generative_Project/data/annotations/wlasl_pkls_cropFalse_defult_shape/03435.pkl,03435.pkl,arrive,"(108, 182)",108,182,5.4,left_valid|right_valid|total_valid_index|2d|pred_2d|smplx|unsmooth_smplx|bb2img_trans|focal|princpt
/home/image/Desktop/SignAvatar_Generative_Project/data/annotations/wlasl_pkls_cropFalse_defult_shape/03436.pkl,03436.pkl,arrive,"(57, 182)",57,182,2.85,left_valid|right_valid|total_valid_index|2d|pred_2d|smplx|unsmooth_smplx|bb2img_trans|focal|princpt
/home/image/Desktop/SignAvatar_Generative_Project/data/annotations/wlasl_pkls_cropFalse_defult_shape/03437.pkl,03437.pkl,arrive,"(39, 182)",39,182,1.95,left_valid|right_valid|total_valid_index|2d|pred_2d|smplx|unsmooth_smplx|bb2img_trans|focal|princpt
/home/image/Desktop/SignAvatar_Generative_Project/data/annotations/wlasl_pkls_cropFalse_defult_shape/03438.pkl,03438.pkl,arrive,"(35, 182)",35,182,1.75,left_valid|right_valid|total_valid_index|2d|pred_2d|smplx|unsmooth_smplx|bb2img_trans|focal|princpt
/home/image/Desktop/SignAvatar_Generative_Project/data/annotations/wlasl_pkls_cropFalse_defult_shape/03439.pkl,03439.pkl,arrive,"(98, 182)",98,182,4.9,left_valid|right_valid|total_valid_index|2d|pred_2d|smplx|unsmooth_smplx|bb2img_trans|focal|princpt
/home/image/Desktop/SignAvatar_Generative_Project/data/annotations/wlasl_pkls_cropFalse_defult_shape/03440.pkl,03440.pkl,arrive,"(55, 182)",55,182,2.75,left_valid|right_valid|total_valid_index|2d|pred_2d|smplx|unsmooth_smplx|bb2img_trans|focal|princpt
/home/image/Desktop/SignAvatar_Generative_Project/data/annotations/wlasl_pkls_cropFalse_defult_shape/03441.pkl,03441.pkl,arrive,"(41, 182)",41,182,2.05,left_valid|right_valid|total_valid_index|2d|pred_2d|smplx|unsmooth_smplx|bb2img_trans|focal|princpt
/home/image/Desktop/SignAvatar_Generative_Project/data/annotations/wlasl_pkls_cropFalse_defult_shape/03442.pkl,03442.pkl,arrive,"(65, 182)",65,182,3.25,left_valid|right_valid|total_valid_index|2d|pred_2d|smplx|unsmooth_smplx|bb2img_trans|focal|princpt
/home/image/Desktop/SignAvatar_Generative_Project/data/annotations/wlasl_pkls_cropFalse_defult_shape/03443.pkl,03443.pkl,arrive,"(82, 182)",82,182,4.1,left_valid|right_valid|total_valid_index|2d|pred_2d|smplx|unsmooth_smplx|bb2img_trans|focal|princpt
/home/image/Desktop/SignAvatar_Generative_Project/data/annotations/wlasl_pkls_cropFalse_defult_shape/03444.pkl,03444.pkl,arrive,"(68, 182)",68,182,3.4,left_valid|right_valid|total_valid_index|2d|pred_2d|smplx|unsmooth_smplx|bb2img_trans|focal|princpt
/home/image/Desktop/SignAvatar_Generative_Project/data/annotations/wlasl_pkls_cropFalse_defult_shape/03445.pkl,03445.pkl,arrive,"(79, 182)",79,182,3.95,left_valid|right_valid|total_valid_index|2d|pred_2d|smplx|unsmooth_smplx|bb2img_trans|focal|princpt
/home/image/Desktop/SignAvatar_Generative_Project/data/annotations/wlasl_pkls_cropFalse_defult_shape/03448.pkl,03448.pkl,arrogant,"(119, 182)",119,182,5.95,left_valid|right_valid|total_valid_index|2d|pred_2d|smplx|unsmooth_smplx|bb2img_trans|focal|princpt
/home/image/Desktop/SignAvatar_Generative_Project/data/annotations/wlasl_pkls_cropFalse_defult_shape/03449.pkl,03449.pkl,arrogant,"(104, 182)",104,182,5.2,left_valid|right_valid|total_valid_index|2d|pred_2d|smplx|unsmooth_smplx|bb2img_trans|focal|princpt
/home/image/Desktop/SignAvatar_Generative_Project/data/annotations/wlasl_pkls_cropFalse_defult_shape/03450.pkl,03450.pkl,arrogant,"(37, 182)",37,182,1.85,left_valid|right_valid|total_valid_index|2d|pred_2d|smplx|unsmooth_smplx|bb2img_trans|focal|princpt
/home/image/Desktop/SignAvatar_Generative_Project/data/annotations/wlasl_pkls_cropFalse_defult_shape/03451.pkl,03451.pkl,arrogant,"(86, 182)",86,182,4.3,left_valid|right_valid|total_valid_index|2d|pred_2d|smplx|unsmooth_smplx|bb2img_trans|focal|princpt
/home/image/Desktop/SignAvatar_Generative_Project/data/annotations/wlasl_pkls_cropFalse_defult_shape/03452.pkl,03452.pkl,arrogant,"(66, 182)",66,182,3.3,left_valid|right_valid|total_valid_index|2d|pred_2d|smplx|unsmooth_smplx|bb2img_trans|focal|princpt
/home/image/Desktop/SignAvatar_Generative_Project/data/annotations/wlasl_pkls_cropFalse_defult_shape/03454.pkl,03454.pkl,arrogant,"(18, 182)",18,182,0.9,left_valid|right_valid|total_valid_index|2d|pred_2d|smplx|unsmooth_smplx|bb2img_trans|focal|princpt
/home/image/Desktop/SignAvatar_Generative_Project/data/annotations/wlasl_pkls_cropFalse_defult_shape/03455.pkl,03455.pkl,arrogant,"(49, 182)",49,182,2.45,left_valid|right_valid|total_valid_index|2d|pred_2d|smplx|unsmooth_smplx|bb2img_trans|focal|princpt
/home/image/Desktop/SignAvatar_Generative_Project/data/annotations/wlasl_pkls_cropFalse_defult_shape/03457.pkl,03457.pkl,arrogant,"(84, 182)",84,182,4.2,left_valid|right_valid|total_valid_index|2d|pred_2d|smplx|unsmooth_smplx|bb2img_trans|focal|princpt
/home/image/Desktop/SignAvatar_Generative_Project/data/annotations/wlasl_pkls_cropFalse_defult_shape/03469.pkl,03469.pkl,art,"(46, 182)",46,182,2.3,left_valid|right_valid|total_valid_index|2d|pred_2d|smplx|unsmooth_smplx|bb2img_trans|focal|princpt
/home/image/Desktop/SignAvatar_Generative_Project/data/annotations/wlasl_pkls_cropFalse_defult_shape/03478.pkl,03478.pkl,art,"(80, 182)",80,182,4.0,left_valid|right_valid|total_valid_index|2d|pred_2d|smplx|unsmooth_smplx|bb2img_trans|focal|princpt
/home/image/Desktop/SignAvatar_Generative_Project/data/annotations/wlasl_pkls_cropFalse_defult_shape/03479.pkl,03479.pkl,art,"(74, 182)",74,182,3.7,left_valid|right_valid|total_valid_index|2d|pred_2d|smplx|unsmooth_smplx|bb2img_trans|focal|princpt
/home/image/Desktop/SignAvatar_Generative_Project/data/annotations/wlasl_pkls_cropFalse_defult_shape/03480.pkl,03480.pkl,art,"(41, 182)",41,182,2.05,left_valid|right_valid|total_valid_index|2d|pred_2d|smplx|unsmooth_smplx|bb2img_trans|focal|princpt
/home/image/Desktop/SignAvatar_Generative_Project/data/annotations/wlasl_pkls_cropFalse_defult_shape/03481.pkl,03481.pkl,art,"(107, 182)",107,182,5.35,left_valid|right_valid|total_valid_index|2d|pred_2d|smplx|unsmooth_smplx|bb2img_trans|focal|princpt
/home/image/Desktop/SignAvatar_Generative_Project/data/annotations/wlasl_pkls_cropFalse_defult_shape/03483.pkl,03483.pkl,art,"(55, 182)",55,182,2.75,left_valid|right_valid|total_valid_index|2d|pred_2d|smplx|unsmooth_smplx|bb2img_trans|focal|princpt
/home/image/Desktop/SignAvatar_Generative_Project/data/annotations/wlasl_pkls_cropFalse_defult_shape/03484.pkl,03484.pkl,art,"(33, 182)",33,182,1.65,left_valid|right_valid|total_valid_index|2d|pred_2d|smplx|unsmooth_smplx|bb2img_trans|focal|princpt
/home/image/Desktop/SignAvatar_Generative_Project/data/annotations/wlasl_pkls_cropFalse_defult_shape/03485.pkl,03485.pkl,art,"(55, 182)",55,182,2.75,left_valid|right_valid|total_valid_index|2d|pred_2d|smplx|unsmooth_smplx|bb2img_trans|focal|princpt
/home/image/Desktop/SignAvatar_Generative_Project/data/annotations/wlasl_pkls_cropFalse_defult_shape/03486.pkl,03486.pkl,art,"(80, 182)",80,182,4.0,left_valid|right_valid|total_valid_index|2d|pred_2d|smplx|unsmooth_smplx|bb2img_trans|focal|princpt
/home/image/Desktop/SignAvatar_Generative_Project/data/annotations/wlasl_pkls_cropFalse_defult_shape/03489.pkl,03489.pkl,article,"(23, 182)",23,182,1.15,left_valid|right_valid|total_valid_index|2d|pred_2d|smplx|unsmooth_smplx|bb2img_trans|focal|princpt
/home/image/Desktop/SignAvatar_Generative_Project/data/annotations/wlasl_pkls_cropFalse_defult_shape/03490.pkl,03490.pkl,article,"(167, 182)",167,182,8.35,left_valid|right_valid|total_valid_index|2d|pred_2d|smplx|unsmooth_smplx|bb2img_trans|focal|princpt
/home/image/Desktop/SignAvatar_Generative_Project/data/annotations/wlasl_pkls_cropFalse_defult_shape/03491.pkl,03491.pkl,article,"(106, 182)",106,182,5.3,left_valid|right_valid|total_valid_index|2d|pred_2d|smplx|unsmooth_smplx|bb2img_trans|focal|princpt
/home/image/Desktop/SignAvatar_Generative_Project/data/annotations/wlasl_pkls_cropFalse_defult_shape/03492.pkl,03492.pkl,article,"(14, 182)",14,182,0.7,left_valid|right_valid|total_valid_index|2d|pred_2d|smplx|unsmooth_smplx|bb2img_trans|focal|princpt
/home/image/Desktop/SignAvatar_Generative_Project/data/annotations/wlasl_pkls_cropFalse_defult_shape/03493.pkl,03493.pkl,article,"(33, 182)",33,182,1.65,left_valid|right_valid|total_valid_index|2d|pred_2d|smplx|unsmooth_smplx|bb2img_trans|focal|princpt
/home/image/Desktop/SignAvatar_Generative_Project/data/annotations/wlasl_pkls_cropFalse_defult_shape/03494.pkl,03494.pkl,article,"(85, 182)",85,182,4.25,left_valid|right_valid|total_valid_index|2d|pred_2d|smplx|unsmooth_smplx|bb2img_trans|focal|princpt
/home/image/Desktop/SignAvatar_Generative_Project/data/annotations/wlasl_pkls_cropFalse_defult_shape/03495.pkl,03495.pkl,article,"(55, 182)",55,182,2.75,left_valid|right_valid|total_valid_index|2d|pred_2d|smplx|unsmooth_smplx|bb2img_trans|focal|princpt
/home/image/Desktop/SignAvatar_Generative_Project/data/annotations/wlasl_pkls_cropFalse_defult_shape/03514.pkl,03514.pkl,artist,"(50, 182)",50,182,2.5,left_valid|right_valid|total_valid_index|2d|pred_2d|smplx|unsmooth_smplx|bb2img_trans|focal|princpt
/home/image/Desktop/SignAvatar_Generative_Project/data/annotations/wlasl_pkls_cropFalse_defult_shape/03515.pkl,03515.pkl,artist,"(100, 182)",100,182,5.0,left_valid|right_valid|total_valid_index|2d|pred_2d|smplx|unsmooth_smplx|bb2img_trans|focal|princpt
/home/image/Desktop/SignAvatar_Generative_Project/data/annotations/wlasl_pkls_cropFalse_defult_shape/03516.pkl,03516.pkl,artist,"(75, 182)",75,182,3.75,left_valid|right_valid|total_valid_index|2d|pred_2d|smplx|unsmooth_smplx|bb2img_trans|focal|princpt
/home/image/Desktop/SignAvatar_Generative_Project/data/annotations/wlasl_pkls_cropFalse_defult_shape/03517.pkl,03517.pkl,artist,"(90, 182)",90,182,4.5,left_valid|right_valid|total_valid_index|2d|pred_2d|smplx|unsmooth_smplx|bb2img_trans|focal|princpt
/home/image/Desktop/SignAvatar_Generative_Project/data/annotations/wlasl_pkls_cropFalse_defult_shape/03518.pkl,03518.pkl,artist,"(39, 182)",39,182,1.95,left_valid|right_valid|total_valid_index|2d|pred_2d|smplx|unsmooth_smplx|bb2img_trans|focal|princpt
/home/image/Desktop/SignAvatar_Generative_Project/data/annotations/wlasl_pkls_cropFalse_defult_shape/03519.pkl,03519.pkl,artist,"(52, 182)",52,182,2.6,left_valid|right_valid|total_valid_index|2d|pred_2d|smplx|unsmooth_smplx|bb2img_trans|focal|princpt
/home/image/Desktop/SignAvatar_Generative_Project/data/annotations/wlasl_pkls_cropFalse_defult_shape/03521.pkl,03521.pkl,artist,"(70, 182)",70,182,3.5,left_valid|right_valid|total_valid_index|2d|pred_2d|smplx|unsmooth_smplx|bb2img_trans|focal|princpt
/home/image/Desktop/SignAvatar_Generative_Project/data/annotations/wlasl_pkls_cropFalse_defult_shape/03522.pkl,03522.pkl,artist,"(94, 182)",94,182,4.7,left_valid|right_valid|total_valid_index|2d|pred_2d|smplx|unsmooth_smplx|bb2img_trans|focal|princpt
/home/image/Desktop/SignAvatar_Generative_Project/data/annotations/wlasl_pkls_cropFalse_defult_shape/03562.pkl,03562.pkl,asia,"(62, 182)",62,182,3.1,left_valid|right_valid|total_valid_index|2d|pred_2d|smplx|unsmooth_smplx|bb2img_trans|focal|princpt
/home/image/Desktop/SignAvatar_Generative_Project/data/annotations/wlasl_pkls_cropFalse_defult_shape/03563.pkl,03563.pkl,asia,"(62, 182)",62,182,3.1,left_valid|right_valid|total_valid_index|2d|pred_2d|smplx|unsmooth_smplx|bb2img_trans|focal|princpt
/home/image/Desktop/SignAvatar_Generative_Project/data/annotations/wlasl_pkls_cropFalse_defult_shape/03564.pkl,03564.pkl,asia,"(43, 182)",43,182,2.15,left_valid|right_valid|total_valid_index|2d|pred_2d|smplx|unsmooth_smplx|bb2img_trans|focal|princpt
/home/image/Desktop/SignAvatar_Generative_Project/data/annotations/wlasl_pkls_cropFalse_defult_shape/03566.pkl,03566.pkl,asia,"(55, 182)",55,182,2.75,left_valid|right_valid|total_valid_index|2d|pred_2d|smplx|unsmooth_smplx|bb2img_trans|focal|princpt
/home/image/Desktop/SignAvatar_Generative_Project/data/annotations/wlasl_pkls_cropFalse_defult_shape/03568.pkl,03568.pkl,asia,"(39, 182)",39,182,1.95,left_valid|right_valid|total_valid_index|2d|pred_2d|smplx|unsmooth_smplx|bb2img_trans|focal|princpt
/home/image/Desktop/SignAvatar_Generative_Project/data/annotations/wlasl_pkls_cropFalse_defult_shape/03569.pkl,03569.pkl,asia,"(75, 182)",75,182,3.75,left_valid|right_valid|total_valid_index|2d|pred_2d|smplx|unsmooth_smplx|bb2img_trans|focal|princpt
/home/image/Desktop/SignAvatar_Generative_Project/data/annotations/wlasl_pkls_cropFalse_defult_shape/03570.pkl,03570.pkl,asia,"(59, 182)",59,182,2.95,left_valid|right_valid|total_valid_index|2d|pred_2d|smplx|unsmooth_smplx|bb2img_trans|focal|princpt
/home/image/Desktop/SignAvatar_Generative_Project/data/annotations/wlasl_pkls_cropFalse_defult_shape/03571.pkl,03571.pkl,asia,"(98, 182)",98,182,4.9,left_valid|right_valid|total_valid_index|2d|pred_2d|smplx|unsmooth_smplx|bb2img_trans|focal|princpt
/home/image/Desktop/SignAvatar_Generative_Project/data/annotations/wlasl_pkls_cropFalse_defult_shape/03587.pkl,03587.pkl,ask,"(35, 182)",35,182,1.75,left_valid|right_valid|total_valid_index|2d|pred_2d|smplx|unsmooth_smplx|bb2img_trans|focal|princpt
/home/image/Desktop/SignAvatar_Generative_Project/data/annotations/wlasl_pkls_cropFalse_defult_shape/03595.pkl,03595.pkl,ask,"(56, 182)",56,182,2.8,left_valid|right_valid|total_valid_index|2d|pred_2d|smplx|unsmooth_smplx|bb2img_trans|focal|princpt
/home/image/Desktop/SignAvatar_Generative_Project/data/annotations/wlasl_pkls_cropFalse_defult_shape/03597.pkl,03597.pkl,ask,"(41, 182)",41,182,2.05,left_valid|right_valid|total_valid_index|2d|pred_2d|smplx|unsmooth_smplx|bb2img_trans|focal|princpt
/home/image/Desktop/SignAvatar_Generative_Project/data/annotations/wlasl_pkls_cropFalse_defult_shape/03598.pkl,03598.pkl,ask,"(83, 182)",83,182,4.15,left_valid|right_valid|total_valid_index|2d|pred_2d|smplx|unsmooth_smplx|bb2img_trans|focal|princpt
/home/image/Desktop/SignAvatar_Generative_Project/data/annotations/wlasl_pkls_cropFalse_defult_shape/03599.pkl,03599.pkl,ask,"(29, 182)",29,182,1.45,left_valid|right_valid|total_valid_index|2d|pred_2d|smplx|unsmooth_smplx|bb2img_trans|focal|princpt
/home/image/Desktop/SignAvatar_Generative_Project/data/annotations/wlasl_pkls_cropFalse_defult_shape/03602.pkl,03602.pkl,ask,"(27, 182)",27,182,1.35,left_valid|right_valid|total_valid_index|2d|pred_2d|smplx|unsmooth_smplx|bb2img_trans|focal|princpt
/home/image/Desktop/SignAvatar_Generative_Project/data/annotations/wlasl_pkls_cropFalse_defult_shape/03603.pkl,03603.pkl,ask,"(37, 182)",37,182,1.85,left_valid|right_valid|total_valid_index|2d|pred_2d|smplx|unsmooth_smplx|bb2img_trans|focal|princpt
/home/image/Desktop/SignAvatar_Generative_Project/data/annotations/wlasl_pkls_cropFalse_defult_shape/03605.pkl,03605.pkl,ask,"(43, 182)",43,182,2.15,left_valid|right_valid|total_valid_index|2d|pred_2d|smplx|unsmooth_smplx|bb2img_trans|focal|princpt
/home/image/Desktop/SignAvatar_Generative_Project/data/annotations/wlasl_pkls_cropFalse_defult_shape/03607.pkl,03607.pkl,ask,"(28, 182)",28,182,1.4,left_valid|right_valid|total_valid_index|2d|pred_2d|smplx|unsmooth_smplx|bb2img_trans|focal|princpt
/home/image/Desktop/SignAvatar_Generative_Project/data/annotations/wlasl_pkls_cropFalse_defult_shape/03625.pkl,03625.pkl,asl,"(63, 182)",63,182,3.15,left_valid|right_valid|total_valid_index|2d|pred_2d|smplx|unsmooth_smplx|bb2img_trans|focal|princpt
/home/image/Desktop/SignAvatar_Generative_Project/data/annotations/wlasl_pkls_cropFalse_defult_shape/03634.pkl,03634.pkl,asl,"(62, 182)",62,182,3.1,left_valid|right_valid|total_valid_index|2d|pred_2d|smplx|unsmooth_smplx|bb2img_trans|focal|princpt
/home/image/Desktop/SignAvatar_Generative_Project/data/annotations/wlasl_pkls_cropFalse_defult_shape/03635.pkl,03635.pkl,asl,"(66, 182)",66,182,3.3,left_valid|right_valid|total_valid_index|2d|pred_2d|smplx|unsmooth_smplx|bb2img_trans|focal|princpt
/home/image/Desktop/SignAvatar_Generative_Project/data/annotations/wlasl_pkls_cropFalse_defult_shape/03637.pkl,03637.pkl,asl,"(32, 182)",32,182,1.6,left_valid|right_valid|total_valid_index|2d|pred_2d|smplx|unsmooth_smplx|bb2img_trans|focal|princpt
/home/image/Desktop/SignAvatar_Generative_Project/data/annotations/wlasl_pkls_cropFalse_defult_shape/03638.pkl,03638.pkl,asl,"(46, 182)",46,182,2.3,left_valid|right_valid|total_valid_index|2d|pred_2d|smplx|unsmooth_smplx|bb2img_trans|focal|princpt
/home/image/Desktop/SignAvatar_Generative_Project/data/annotations/wlasl_pkls_cropFalse_defult_shape/03640.pkl,03640.pkl,asl,"(58, 182)",58,182,2.9,left_valid|right_valid|total_valid_index|2d|pred_2d|smplx|unsmooth_smplx|bb2img_trans|focal|princpt
/home/image/Desktop/SignAvatar_Generative_Project/data/annotations/wlasl_pkls_cropFalse_defult_shape/03641.pkl,03641.pkl,asl,"(68, 182)",68,182,3.4,left_valid|right_valid|total_valid_index|2d|pred_2d|smplx|unsmooth_smplx|bb2img_trans|focal|princpt
/home/image/Desktop/SignAvatar_Generative_Project/data/annotations/wlasl_pkls_cropFalse_defult_shape/03642.pkl,03642.pkl,asl,"(85, 182)",85,182,4.25,left_valid|right_valid|total_valid_index|2d|pred_2d|smplx|unsmooth_smplx|bb2img_trans|focal|princpt
/home/image/Desktop/SignAvatar_Generative_Project/data/annotations/wlasl_pkls_cropFalse_defult_shape/03750.pkl,03750.pkl,assist,"(49, 182)",49,182,2.45,left_valid|right_valid|total_valid_index|2d|pred_2d|smplx|unsmooth_smplx|bb2img_trans|focal|princpt
/home/image/Desktop/SignAvatar_Generative_Project/data/annotations/wlasl_pkls_cropFalse_defult_shape/03752.pkl,03752.pkl,assistant,"(46, 182)",46,182,2.3,left_valid|right_valid|total_valid_index|2d|pred_2d|smplx|unsmooth_smplx|bb2img_trans|focal|princpt
/home/image/Desktop/SignAvatar_Generative_Project/data/annotations/wlasl_pkls_cropFalse_defult_shape/03756.pkl,03756.pkl,assistant,"(102, 182)",102,182,5.1,left_valid|right_valid|total_valid_index|2d|pred_2d|smplx|unsmooth_smplx|bb2img_trans|focal|princpt
/home/image/Desktop/SignAvatar_Generative_Project/data/annotations/wlasl_pkls_cropFalse_defult_shape/03757.pkl,03757.pkl,assistant,"(53, 182)",53,182,2.65,left_valid|right_valid|total_valid_index|2d|pred_2d|smplx|unsmooth_smplx|bb2img_trans|focal|princpt
/home/image/Desktop/SignAvatar_Generative_Project/data/annotations/wlasl_pkls_cropFalse_defult_shape/03758.pkl,03758.pkl,assistant,"(34, 182)",34,182,1.7,left_valid|right_valid|total_valid_index|2d|pred_2d|smplx|unsmooth_smplx|bb2img_trans|focal|princpt
/home/image/Desktop/SignAvatar_Generative_Project/data/annotations/wlasl_pkls_cropFalse_defult_shape/03760.pkl,03760.pkl,assistant,"(55, 182)",55,182,2.75,left_valid|right_valid|total_valid_index|2d|pred_2d|smplx|unsmooth_smplx|bb2img_trans|focal|princpt
/home/image/Desktop/SignAvatar_Generative_Project/data/annotations/wlasl_pkls_cropFalse_defult_shape/03761.pkl,03761.pkl,assistant,"(58, 182)",58,182,2.9,left_valid|right_valid|total_valid_index|2d|pred_2d|smplx|unsmooth_smplx|bb2img_trans|focal|princpt
/home/image/Desktop/SignAvatar_Generative_Project/data/annotations/wlasl_pkls_cropFalse_defult_shape/03762.pkl,03762.pkl,assistant,"(72, 182)",72,182,3.6,left_valid|right_valid|total_valid_index|2d|pred_2d|smplx|unsmooth_smplx|bb2img_trans|focal|princpt
/home/image/Desktop/SignAvatar_Generative_Project/data/annotations/wlasl_pkls_cropFalse_defult_shape/03763.pkl,03763.pkl,assistant,"(72, 182)",72,182,3.6,left_valid|right_valid|total_valid_index|2d|pred_2d|smplx|unsmooth_smplx|bb2img_trans|focal|princpt
/home/image/Desktop/SignAvatar_Generative_Project/data/annotations/wlasl_pkls_cropFalse_defult_shape/03765.pkl,03765.pkl,assist,"(66, 182)",66,182,3.3,left_valid|right_valid|total_valid_index|2d|pred_2d|smplx|unsmooth_smplx|bb2img_trans|focal|princpt
/home/image/Desktop/SignAvatar_Generative_Project/data/annotations/wlasl_pkls_cropFalse_defult_shape/03766.pkl,03766.pkl,assist,"(58, 182)",58,182,2.9,left_valid|right_valid|total_valid_index|2d|pred_2d|smplx|unsmooth_smplx|bb2img_trans|focal|princpt
/home/image/Desktop/SignAvatar_Generative_Project/data/annotations/wlasl_pkls_cropFalse_defult_shape/03768.pkl,03768.pkl,assist,"(43, 182)",43,182,2.15,left_valid|right_valid|total_valid_index|2d|pred_2d|smplx|unsmooth_smplx|bb2img_trans|focal|princpt
/home/image/Desktop/SignAvatar_Generative_Project/data/annotations/wlasl_pkls_cropFalse_defult_shape/03769.pkl,03769.pkl,assist,"(27, 182)",27,182,1.35,left_valid|right_valid|total_valid_index|2d|pred_2d|smplx|unsmooth_smplx|bb2img_trans|focal|princpt
/home/image/Desktop/SignAvatar_Generative_Project/data/annotations/wlasl_pkls_cropFalse_defult_shape/03771.pkl,03771.pkl,assist,"(64, 182)",64,182,3.2,left_valid|right_valid|total_valid_index|2d|pred_2d|smplx|unsmooth_smplx|bb2img_trans|focal|princpt
/home/image/Desktop/SignAvatar_Generative_Project/data/annotations/wlasl_pkls_cropFalse_defult_shape/03797.pkl,03797.pkl,assume,"(28, 182)",28,182,1.4,left_valid|right_valid|total_valid_index|2d|pred_2d|smplx|unsmooth_smplx|bb2img_trans|focal|princpt
/home/image/Desktop/SignAvatar_Generative_Project/data/annotations/wlasl_pkls_cropFalse_defult_shape/03799.pkl,03799.pkl,assume,"(133, 182)",133,182,6.65,left_valid|right_valid|total_valid_index|2d|pred_2d|smplx|unsmooth_smplx|bb2img_trans|focal|princpt
/home/image/Desktop/SignAvatar_Generative_Project/data/annotations/wlasl_pkls_cropFalse_defult_shape/03800.pkl,03800.pkl,assume,"(75, 182)",75,182,3.75,left_valid|right_valid|total_valid_index|2d|pred_2d|smplx|unsmooth_smplx|bb2img_trans|focal|princpt
/home/image/Desktop/SignAvatar_Generative_Project/data/annotations/wlasl_pkls_cropFalse_defult_shape/03802.pkl,03802.pkl,assume,"(30, 182)",30,182,1.5,left_valid|right_valid|total_valid_index|2d|pred_2d|smplx|unsmooth_smplx|bb2img_trans|focal|princpt
/home/image/Desktop/SignAvatar_Generative_Project/data/annotations/wlasl_pkls_cropFalse_defult_shape/03804.pkl,03804.pkl,assume,"(58, 182)",58,182,2.9,left_valid|right_valid|total_valid_index|2d|pred_2d|smplx|unsmooth_smplx|bb2img_trans|focal|princpt
/home/image/Desktop/SignAvatar_Generative_Project/data/annotations/wlasl_pkls_cropFalse_defult_shape/03805.pkl,03805.pkl,assume,"(72, 182)",72,182,3.6,left_valid|right_valid|total_valid_index|2d|pred_2d|smplx|unsmooth_smplx|bb2img_trans|focal|princpt
/home/image/Desktop/SignAvatar_Generative_Project/data/annotations/wlasl_pkls_cropFalse_defult_shape/04000.pkl,04000.pkl,attend,"(80, 182)",80,182,4.0,left_valid|right_valid|total_valid_index|2d|pred_2d|smplx|unsmooth_smplx|bb2img_trans|focal|princpt
/home/image/Desktop/SignAvatar_Generative_Project/data/annotations/wlasl_pkls_cropFalse_defult_shape/04001.pkl,04001.pkl,attend,"(41, 182)",41,182,2.05,left_valid|right_valid|total_valid_index|2d|pred_2d|smplx|unsmooth_smplx|bb2img_trans|focal|princpt
/home/image/Desktop/SignAvatar_Generative_Project/data/annotations/wlasl_pkls_cropFalse_defult_shape/04002.pkl,04002.pkl,attend,"(51, 182)",51,182,2.55,left_valid|right_valid|total_valid_index|2d|pred_2d|smplx|unsmooth_smplx|bb2img_trans|focal|princpt
/home/image/Desktop/SignAvatar_Generative_Project/data/annotations/wlasl_pkls_cropFalse_defult_shape/04003.pkl,04003.pkl,attend,"(39, 182)",39,182,1.95,left_valid|right_valid|total_valid_index|2d|pred_2d|smplx|unsmooth_smplx|bb2img_trans|focal|princpt
/home/image/Desktop/SignAvatar_Generative_Project/data/annotations/wlasl_pkls_cropFalse_defult_shape/04005.pkl,04005.pkl,attend,"(52, 182)",52,182,2.6,left_valid|right_valid|total_valid_index|2d|pred_2d|smplx|unsmooth_smplx|bb2img_trans|focal|princpt
/home/image/Desktop/SignAvatar_Generative_Project/data/annotations/wlasl_pkls_cropFalse_defult_shape/04007.pkl,04007.pkl,attend,"(89, 182)",89,182,4.45,left_valid|right_valid|total_valid_index|2d|pred_2d|smplx|unsmooth_smplx|bb2img_trans|focal|princpt
/home/image/Desktop/SignAvatar_Generative_Project/data/annotations/wlasl_pkls_cropFalse_defult_shape/04008.pkl,04008.pkl,attention,"(51, 182)",51,182,2.55,left_valid|right_valid|total_valid_index|2d|pred_2d|smplx|unsmooth_smplx|bb2img_trans|focal|princpt
/home/image/Desktop/SignAvatar_Generative_Project/data/annotations/wlasl_pkls_cropFalse_defult_shape/04011.pkl,04011.pkl,attention,"(93, 182)",93,182,4.65,left_valid|right_valid|total_valid_index|2d|pred_2d|smplx|unsmooth_smplx|bb2img_trans|focal|princpt
/home/image/Desktop/SignAvatar_Generative_Project/data/annotations/wlasl_pkls_cropFalse_defult_shape/04012.pkl,04012.pkl,attention,"(37, 182)",37,182,1.85,left_valid|right_valid|total_valid_index|2d|pred_2d|smplx|unsmooth_smplx|bb2img_trans|focal|princpt
/home/image/Desktop/SignAvatar_Generative_Project/data/annotations/wlasl_pkls_cropFalse_defult_shape/04013.pkl,04013.pkl,attention,"(97, 182)",97,182,4.85,left_valid|right_valid|total_valid_index|2d|pred_2d|smplx|unsmooth_smplx|bb2img_trans|focal|princpt
/home/image/Desktop/SignAvatar_Generative_Project/data/annotations/wlasl_pkls_cropFalse_defult_shape/04014.pkl,04014.pkl,attention,"(33, 182)",33,182,1.65,left_valid|right_valid|total_valid_index|2d|pred_2d|smplx|unsmooth_smplx|bb2img_trans|focal|princpt
/home/image/Desktop/SignAvatar_Generative_Project/data/annotations/wlasl_pkls_cropFalse_defult_shape/04015.pkl,04015.pkl,attention,"(38, 182)",38,182,1.9,left_valid|right_valid|total_valid_index|2d|pred_2d|smplx|unsmooth_smplx|bb2img_trans|focal|princpt
/home/image/Desktop/SignAvatar_Generative_Project/data/annotations/wlasl_pkls_cropFalse_defult_shape/04016.pkl,04016.pkl,attention,"(46, 182)",46,182,2.3,left_valid|right_valid|total_valid_index|2d|pred_2d|smplx|unsmooth_smplx|bb2img_trans|focal|princpt
/home/image/Desktop/SignAvatar_Generative_Project/data/annotations/wlasl_pkls_cropFalse_defult_shape/04017.pkl,04017.pkl,attention,"(95, 182)",95,182,4.75,left_valid|right_valid|total_valid_index|2d|pred_2d|smplx|unsmooth_smplx|bb2img_trans|focal|princpt
/home/image/Desktop/SignAvatar_Generative_Project/data/annotations/wlasl_pkls_cropFalse_defult_shape/04039.pkl,04039.pkl,attitude,"(8, 182)",8,182,0.4,left_valid|right_valid|total_valid_index|2d|pred_2d|smplx|unsmooth_smplx|bb2img_trans|focal|princpt
/home/image/Desktop/SignAvatar_Generative_Project/data/annotations/wlasl_pkls_cropFalse_defult_shape/04040.pkl,04040.pkl,attitude,"(81, 182)",81,182,4.05,left_valid|right_valid|total_valid_index|2d|pred_2d|smplx|unsmooth_smplx|bb2img_trans|focal|princpt
/home/image/Desktop/SignAvatar_Generative_Project/data/annotations/wlasl_pkls_cropFalse_defult_shape/04041.pkl,04041.pkl,attitude,"(43, 182)",43,182,2.15,left_valid|right_valid|total_valid_index|2d|pred_2d|smplx|unsmooth_smplx|bb2img_trans|focal|princpt
/home/image/Desktop/SignAvatar_Generative_Project/data/annotations/wlasl_pkls_cropFalse_defult_shape/04042.pkl,04042.pkl,attitude,"(88, 182)",88,182,4.4,left_valid|right_valid|total_valid_index|2d|pred_2d|smplx|unsmooth_smplx|bb2img_trans|focal|princpt
/home/image/Desktop/SignAvatar_Generative_Project/data/annotations/wlasl_pkls_cropFalse_defult_shape/04043.pkl,04043.pkl,attitude,"(53, 182)",53,182,2.65,left_valid|right_valid|total_valid_index|2d|pred_2d|smplx|unsmooth_smplx|bb2img_trans|focal|princpt
/home/image/Desktop/SignAvatar_Generative_Project/data/annotations/wlasl_pkls_cropFalse_defult_shape/04044.pkl,04044.pkl,attitude,"(34, 182)",34,182,1.7,left_valid|right_valid|total_valid_index|2d|pred_2d|smplx|unsmooth_smplx|bb2img_trans|focal|princpt
/home/image/Desktop/SignAvatar_Generative_Project/data/annotations/wlasl_pkls_cropFalse_defult_shape/04045.pkl,04045.pkl,attitude,"(38, 182)",38,182,1.9,left_valid|right_valid|total_valid_index|2d|pred_2d|smplx|unsmooth_smplx|bb2img_trans|focal|princpt
/home/image/Desktop/SignAvatar_Generative_Project/data/annotations/wlasl_pkls_cropFalse_defult_shape/04046.pkl,04046.pkl,attitude,"(63, 182)",63,182,3.15,left_valid|right_valid|total_valid_index|2d|pred_2d|smplx|unsmooth_smplx|bb2img_trans|focal|princpt
/home/image/Desktop/SignAvatar_Generative_Project/data/annotations/wlasl_pkls_cropFalse_defult_shape/04047.pkl,04047.pkl,attitude,"(52, 182)",52,182,2.6,left_valid|right_valid|total_valid_index|2d|pred_2d|smplx|unsmooth_smplx|bb2img_trans|focal|princpt
/home/image/Desktop/SignAvatar_Generative_Project/data/annotations/wlasl_pkls_cropFalse_defult_shape/04048.pkl,04048.pkl,attitude,"(91, 182)",91,182,4.55,left_valid|right_valid|total_valid_index|2d|pred_2d|smplx|unsmooth_smplx|bb2img_trans|focal|princpt
/home/image/Desktop/SignAvatar_Generative_Project/data/annotations/wlasl_pkls_cropFalse_defult_shape/04049.pkl,04049.pkl,attorney,"(49, 182)",49,182,2.45,left_valid|right_valid|total_valid_index|2d|pred_2d|smplx|unsmooth_smplx|bb2img_trans|focal|princpt
/home/image/Desktop/SignAvatar_Generative_Project/data/annotations/wlasl_pkls_cropFalse_defult_shape/04050.pkl,04050.pkl,attorney,"(86, 182)",86,182,4.3,left_valid|right_valid|total_valid_index|2d|pred_2d|smplx|unsmooth_smplx|bb2img_trans|focal|princpt
/home/image/Desktop/SignAvatar_Generative_Project/data/annotations/wlasl_pkls_cropFalse_defult_shape/04051.pkl,04051.pkl,attorney,"(101, 182)",101,182,5.05,left_valid|right_valid|total_valid_index|2d|pred_2d|smplx|unsmooth_smplx|bb2img_trans|focal|princpt
/home/image/Desktop/SignAvatar_Generative_Project/data/annotations/wlasl_pkls_cropFalse_defult_shape/04052.pkl,04052.pkl,attorney,"(58, 182)",58,182,2.9,left_valid|right_valid|total_valid_index|2d|pred_2d|smplx|unsmooth_smplx|bb2img_trans|focal|princpt
/home/image/Desktop/SignAvatar_Generative_Project/data/annotations/wlasl_pkls_cropFalse_defult_shape/04053.pkl,04053.pkl,attorney,"(46, 182)",46,182,2.3,left_valid|right_valid|total_valid_index|2d|pred_2d|smplx|unsmooth_smplx|bb2img_trans|focal|princpt
/home/image/Desktop/SignAvatar_Generative_Project/data/annotations/wlasl_pkls_cropFalse_defult_shape/04054.pkl,04054.pkl,attorney,"(63, 182)",63,182,3.15,left_valid|right_valid|total_valid_index|2d|pred_2d|smplx|unsmooth_smplx|bb2img_trans|focal|princpt
/home/image/Desktop/SignAvatar_Generative_Project/data/annotations/wlasl_pkls_cropFalse_defult_shape/04055.pkl,04055.pkl,attorney,"(93, 182)",93,182,4.65,left_valid|right_valid|total_valid_index|2d|pred_2d|smplx|unsmooth_smplx|bb2img_trans|focal|princpt
/home/image/Desktop/SignAvatar_Generative_Project/data/annotations/wlasl_pkls_cropFalse_defult_shape/04062.pkl,04062.pkl,attract,"(85, 182)",85,182,4.25,left_valid|right_valid|total_valid_index|2d|pred_2d|smplx|unsmooth_smplx|bb2img_trans|focal|princpt
/home/image/Desktop/SignAvatar_Generative_Project/data/annotations/wlasl_pkls_cropFalse_defult_shape/04064.pkl,04064.pkl,attract,"(81, 182)",81,182,4.05,left_valid|right_valid|total_valid_index|2d|pred_2d|smplx|unsmooth_smplx|bb2img_trans|focal|princpt
/home/image/Desktop/SignAvatar_Generative_Project/data/annotations/wlasl_pkls_cropFalse_defult_shape/04065.pkl,04065.pkl,attract,"(67, 182)",67,182,3.35,left_valid|right_valid|total_valid_index|2d|pred_2d|smplx|unsmooth_smplx|bb2img_trans|focal|princpt
/home/image/Desktop/SignAvatar_Generative_Project/data/annotations/wlasl_pkls_cropFalse_defult_shape/04066.pkl,04066.pkl,attract,"(36, 182)",36,182,1.8,left_valid|right_valid|total_valid_index|2d|pred_2d|smplx|unsmooth_smplx|bb2img_trans|focal|princpt
/home/image/Desktop/SignAvatar_Generative_Project/data/annotations/wlasl_pkls_cropFalse_defult_shape/04067.pkl,04067.pkl,attract,"(54, 182)",54,182,2.7,left_valid|right_valid|total_valid_index|2d|pred_2d|smplx|unsmooth_smplx|bb2img_trans|focal|princpt
/home/image/Desktop/SignAvatar_Generative_Project/data/annotations/wlasl_pkls_cropFalse_defult_shape/04072.pkl,04072.pkl,attract,"(31, 182)",31,182,1.55,left_valid|right_valid|total_valid_index|2d|pred_2d|smplx|unsmooth_smplx|bb2img_trans|focal|princpt
/home/image/Desktop/SignAvatar_Generative_Project/data/annotations/wlasl_pkls_cropFalse_defult_shape/04073.pkl,04073.pkl,attract,"(31, 182)",31,182,1.55,left_valid|right_valid|total_valid_index|2d|pred_2d|smplx|unsmooth_smplx|bb2img_trans|focal|princpt
/home/image/Desktop/SignAvatar_Generative_Project/data/annotations/wlasl_pkls_cropFalse_defult_shape/04075.pkl,04075.pkl,attract,"(47, 182)",47,182,2.35,left_valid|right_valid|total_valid_index|2d|pred_2d|smplx|unsmooth_smplx|bb2img_trans|focal|princpt
/home/image/Desktop/SignAvatar_Generative_Project/data/annotations/wlasl_pkls_cropFalse_defult_shape/04097.pkl,04097.pkl,auction,"(60, 182)",60,182,3.0,left_valid|right_valid|total_valid_index|2d|pred_2d|smplx|unsmooth_smplx|bb2img_trans|focal|princpt
/home/image/Desktop/SignAvatar_Generative_Project/data/annotations/wlasl_pkls_cropFalse_defult_shape/04099.pkl,04099.pkl,auction,"(88, 182)",88,182,4.4,left_valid|right_valid|total_valid_index|2d|pred_2d|smplx|unsmooth_smplx|bb2img_trans|focal|princpt
/home/image/Desktop/SignAvatar_Generative_Project/data/annotations/wlasl_pkls_cropFalse_defult_shape/04102.pkl,04102.pkl,auction,"(138, 182)",138,182,6.9,left_valid|right_valid|total_valid_index|2d|pred_2d|smplx|unsmooth_smplx|bb2img_trans|focal|princpt
/home/image/Desktop/SignAvatar_Generative_Project/data/annotations/wlasl_pkls_cropFalse_defult_shape/04103.pkl,04103.pkl,auction,"(53, 182)",53,182,2.65,left_valid|right_valid|total_valid_index|2d|pred_2d|smplx|unsmooth_smplx|bb2img_trans|focal|princpt
/home/image/Desktop/SignAvatar_Generative_Project/data/annotations/wlasl_pkls_cropFalse_defult_shape/04104.pkl,04104.pkl,auction,"(48, 182)",48,182,2.4,left_valid|right_valid|total_valid_index|2d|pred_2d|smplx|unsmooth_smplx|bb2img_trans|focal|princpt
/home/image/Desktop/SignAvatar_Generative_Project/data/annotations/wlasl_pkls_cropFalse_defult_shape/04105.pkl,04105.pkl,auction,"(60, 182)",60,182,3.0,left_valid|right_valid|total_valid_index|2d|pred_2d|smplx|unsmooth_smplx|bb2img_trans|focal|princpt
/home/image/Desktop/SignAvatar_Generative_Project/data/annotations/wlasl_pkls_cropFalse_defult_shape/04106.pkl,04106.pkl,auction,"(59, 182)",59,182,2.95,left_valid|right_valid|total_valid_index|2d|pred_2d|smplx|unsmooth_smplx|bb2img_trans|focal|princpt
/home/image/Desktop/SignAvatar_Generative_Project/data/annotations/wlasl_pkls_cropFalse_defult_shape/04110.pkl,04110.pkl,audience,"(49, 182)",49,182,2.45,left_valid|right_valid|total_valid_index|2d|pred_2d|smplx|unsmooth_smplx|bb2img_trans|focal|princpt
/home/image/Desktop/SignAvatar_Generative_Project/data/annotations/wlasl_pkls_cropFalse_defult_shape/04115.pkl,04115.pkl,audience,"(30, 182)",30,182,1.5,left_valid|right_valid|total_valid_index|2d|pred_2d|smplx|unsmooth_smplx|bb2img_trans|focal|princpt
/home/image/Desktop/SignAvatar_Generative_Project/data/annotations/wlasl_pkls_cropFalse_defult_shape/04117.pkl,04117.pkl,audience,"(26, 182)",26,182,1.3,left_valid|right_valid|total_valid_index|2d|pred_2d|smplx|unsmooth_smplx|bb2img_trans|focal|princpt
/home/image/Desktop/SignAvatar_Generative_Project/data/annotations/wlasl_pkls_cropFalse_defult_shape/04118.pkl,04118.pkl,audience,"(28, 182)",28,182,1.4,left_valid|right_valid|total_valid_index|2d|pred_2d|smplx|unsmooth_smplx|bb2img_trans|focal|princpt
/home/image/Desktop/SignAvatar_Generative_Project/data/annotations/wlasl_pkls_cropFalse_defult_shape/04119.pkl,04119.pkl,audience,"(30, 182)",30,182,1.5,left_valid|right_valid|total_valid_index|2d|pred_2d|smplx|unsmooth_smplx|bb2img_trans|focal|princpt
/home/image/Desktop/SignAvatar_Generative_Project/data/annotations/wlasl_pkls_cropFalse_defult_shape/04120.pkl,04120.pkl,audience,"(25, 182)",25,182,1.25,left_valid|right_valid|total_valid_index|2d|pred_2d|smplx|unsmooth_smplx|bb2img_trans|focal|princpt
/home/image/Desktop/SignAvatar_Generative_Project/data/annotations/wlasl_pkls_cropFalse_defult_shape/04121.pkl,04121.pkl,audience,"(112, 182)",112,182,5.6,left_valid|right_valid|total_valid_index|2d|pred_2d|smplx|unsmooth_smplx|bb2img_trans|focal|princpt
/home/image/Desktop/SignAvatar_Generative_Project/data/annotations/wlasl_pkls_cropFalse_defult_shape/04122.pkl,04122.pkl,audience,"(64, 182)",64,182,3.2,left_valid|right_valid|total_valid_index|2d|pred_2d|smplx|unsmooth_smplx|bb2img_trans|focal|princpt
/home/image/Desktop/SignAvatar_Generative_Project/data/annotations/wlasl_pkls_cropFalse_defult_shape/04123.pkl,04123.pkl,audience,"(74, 182)",74,182,3.7,left_valid|right_valid|total_valid_index|2d|pred_2d|smplx|unsmooth_smplx|bb2img_trans|focal|princpt
/home/image/Desktop/SignAvatar_Generative_Project/data/annotations/wlasl_pkls_cropFalse_defult_shape/04128.pkl,04128.pkl,audiologist,"(61, 182)",61,182,3.05,left_valid|right_valid|total_valid_index|2d|pred_2d|smplx|unsmooth_smplx|bb2img_trans|focal|princpt
/home/image/Desktop/SignAvatar_Generative_Project/data/annotations/wlasl_pkls_cropFalse_defult_shape/04129.pkl,04129.pkl,audiologist,"(113, 182)",113,182,5.65,left_valid|right_valid|total_valid_index|2d|pred_2d|smplx|unsmooth_smplx|bb2img_trans|focal|princpt
/home/image/Desktop/SignAvatar_Generative_Project/data/annotations/wlasl_pkls_cropFalse_defult_shape/04130.pkl,04130.pkl,audiologist,"(103, 182)",103,182,5.15,left_valid|right_valid|total_valid_index|2d|pred_2d|smplx|unsmooth_smplx|bb2img_trans|focal|princpt
/home/image/Desktop/SignAvatar_Generative_Project/data/annotations/wlasl_pkls_cropFalse_defult_shape/04131.pkl,04131.pkl,audiologist,"(58, 182)",58,182,2.9,left_valid|right_valid|total_valid_index|2d|pred_2d|smplx|unsmooth_smplx|bb2img_trans|focal|princpt
/home/image/Desktop/SignAvatar_Generative_Project/data/annotations/wlasl_pkls_cropFalse_defult_shape/04133.pkl,04133.pkl,audiologist,"(74, 182)",74,182,3.7,left_valid|right_valid|total_valid_index|2d|pred_2d|smplx|unsmooth_smplx|bb2img_trans|focal|princpt
/home/image/Desktop/SignAvatar_Generative_Project/data/annotations/wlasl_pkls_cropFalse_defult_shape/04134.pkl,04134.pkl,audiologist,"(74, 182)",74,182,3.7,left_valid|right_valid|total_valid_index|2d|pred_2d|smplx|unsmooth_smplx|bb2img_trans|focal|princpt
/home/image/Desktop/SignAvatar_Generative_Project/data/annotations/wlasl_pkls_cropFalse_defult_shape/04135.pkl,04135.pkl,audiology,"(66, 182)",66,182,3.3,left_valid|right_valid|total_valid_index|2d|pred_2d|smplx|unsmooth_smplx|bb2img_trans|focal|princpt
/home/image/Desktop/SignAvatar_Generative_Project/data/annotations/wlasl_pkls_cropFalse_defult_shape/04136.pkl,04136.pkl,audiology,"(77, 182)",77,182,3.85,left_valid|right_valid|total_valid_index|2d|pred_2d|smplx|unsmooth_smplx|bb2img_trans|focal|princpt
/home/image/Desktop/SignAvatar_Generative_Project/data/annotations/wlasl_pkls_cropFalse_defult_shape/04138.pkl,04138.pkl,audiology,"(53, 182)",53,182,2.65,left_valid|right_valid|total_valid_index|2d|pred_2d|smplx|unsmooth_smplx|bb2img_trans|focal|princpt
/home/image/Desktop/SignAvatar_Generative_Project/data/annotations/wlasl_pkls_cropFalse_defult_shape/04139.pkl,04139.pkl,audiology,"(56, 182)",56,182,2.8,left_valid|right_valid|total_valid_index|2d|pred_2d|smplx|unsmooth_smplx|bb2img_trans|focal|princpt
/home/image/Desktop/SignAvatar_Generative_Project/data/annotations/wlasl_pkls_cropFalse_defult_shape/04140.pkl,04140.pkl,audiology,"(58, 182)",58,182,2.9,left_valid|right_valid|total_valid_index|2d|pred_2d|smplx|unsmooth_smplx|bb2img_trans|focal|princpt
/home/image/Desktop/SignAvatar_Generative_Project/data/annotations/wlasl_pkls_cropFalse_defult_shape/04157.pkl,04157.pkl,august,"(123, 182)",123,182,6.15,left_valid|right_valid|total_valid_index|2d|pred_2d|smplx|unsmooth_smplx|bb2img_trans|focal|princpt
/home/image/Desktop/SignAvatar_Generative_Project/data/annotations/wlasl_pkls_cropFalse_defult_shape/04159.pkl,04159.pkl,august,"(48, 182)",48,182,2.4,left_valid|right_valid|total_valid_index|2d|pred_2d|smplx|unsmooth_smplx|bb2img_trans|focal|princpt
/home/image/Desktop/SignAvatar_Generative_Project/data/annotations/wlasl_pkls_cropFalse_defult_shape/04160.pkl,04160.pkl,august,"(61, 182)",61,182,3.05,left_valid|right_valid|total_valid_index|2d|pred_2d|smplx|unsmooth_smplx|bb2img_trans|focal|princpt
/home/image/Desktop/SignAvatar_Generative_Project/data/annotations/wlasl_pkls_cropFalse_defult_shape/04161.pkl,04161.pkl,august,"(46, 182)",46,182,2.3,left_valid|right_valid|total_valid_index|2d|pred_2d|smplx|unsmooth_smplx|bb2img_trans|focal|princpt
/home/image/Desktop/SignAvatar_Generative_Project/data/annotations/wlasl_pkls_cropFalse_defult_shape/04163.pkl,04163.pkl,august,"(71, 182)",71,182,3.55,left_valid|right_valid|total_valid_index|2d|pred_2d|smplx|unsmooth_smplx|bb2img_trans|focal|princpt
/home/image/Desktop/SignAvatar_Generative_Project/data/annotations/wlasl_pkls_cropFalse_defult_shape/04164.pkl,04164.pkl,august,"(71, 182)",71,182,3.55,left_valid|right_valid|total_valid_index|2d|pred_2d|smplx|unsmooth_smplx|bb2img_trans|focal|princpt
/home/image/Desktop/SignAvatar_Generative_Project/data/annotations/wlasl_pkls_cropFalse_defult_shape/04165.pkl,04165.pkl,aunt,"(46, 182)",46,182,2.3,left_valid|right_valid|total_valid_index|2d|pred_2d|smplx|unsmooth_smplx|bb2img_trans|focal|princpt
/home/image/Desktop/SignAvatar_Generative_Project/data/annotations/wlasl_pkls_cropFalse_defult_shape/04168.pkl,04168.pkl,aunt,"(75, 182)",75,182,3.75,left_valid|right_valid|total_valid_index|2d|pred_2d|smplx|unsmooth_smplx|bb2img_trans|focal|princpt
/home/image/Desktop/SignAvatar_Generative_Project/data/annotations/wlasl_pkls_cropFalse_defult_shape/04169.pkl,04169.pkl,aunt,"(84, 182)",84,182,4.2,left_valid|right_valid|total_valid_index|2d|pred_2d|smplx|unsmooth_smplx|bb2img_trans|focal|princpt
/home/image/Desktop/SignAvatar_Generative_Project/data/annotations/wlasl_pkls_cropFalse_defult_shape/04170.pkl,04170.pkl,aunt,"(65, 182)",65,182,3.25,left_valid|right_valid|total_valid_index|2d|pred_2d|smplx|unsmooth_smplx|bb2img_trans|focal|princpt
/home/image/Desktop/SignAvatar_Generative_Project/data/annotations/wlasl_pkls_cropFalse_defult_shape/04171.pkl,04171.pkl,aunt,"(96, 182)",96,182,4.8,left_valid|right_valid|total_valid_index|2d|pred_2d|smplx|unsmooth_smplx|bb2img_trans|focal|princpt
/home/image/Desktop/SignAvatar_Generative_Project/data/annotations/wlasl_pkls_cropFalse_defult_shape/04172.pkl,04172.pkl,aunt,"(55, 182)",55,182,2.75,left_valid|right_valid|total_valid_index|2d|pred_2d|smplx|unsmooth_smplx|bb2img_trans|focal|princpt
/home/image/Desktop/SignAvatar_Generative_Project/data/annotations/wlasl_pkls_cropFalse_defult_shape/04173.pkl,04173.pkl,aunt,"(55, 182)",55,182,2.75,left_valid|right_valid|total_valid_index|2d|pred_2d|smplx|unsmooth_smplx|bb2img_trans|focal|princpt
/home/image/Desktop/SignAvatar_Generative_Project/data/annotations/wlasl_pkls_cropFalse_defult_shape/04174.pkl,04174.pkl,aunt,"(56, 182)",56,182,2.8,left_valid|right_valid|total_valid_index|2d|pred_2d|smplx|unsmooth_smplx|bb2img_trans|focal|princpt
/home/image/Desktop/SignAvatar_Generative_Project/data/annotations/wlasl_pkls_cropFalse_defult_shape/04175.pkl,04175.pkl,aunt,"(82, 182)",82,182,4.1,left_valid|right_valid|total_valid_index|2d|pred_2d|smplx|unsmooth_smplx|bb2img_trans|focal|princpt
/home/image/Desktop/SignAvatar_Generative_Project/data/annotations/wlasl_pkls_cropFalse_defult_shape/04183.pkl,04183.pkl,australia,"(49, 182)",49,182,2.45,left_valid|right_valid|total_valid_index|2d|pred_2d|smplx|unsmooth_smplx|bb2img_trans|focal|princpt
/home/image/Desktop/SignAvatar_Generative_Project/data/annotations/wlasl_pkls_cropFalse_defult_shape/04184.pkl,04184.pkl,australia,"(65, 182)",65,182,3.25,left_valid|right_valid|total_valid_index|2d|pred_2d|smplx|unsmooth_smplx|bb2img_trans|focal|princpt
/home/image/Desktop/SignAvatar_Generative_Project/data/annotations/wlasl_pkls_cropFalse_defult_shape/04186.pkl,04186.pkl,australia,"(59, 182)",59,182,2.95,left_valid|right_valid|total_valid_index|2d|pred_2d|smplx|unsmooth_smplx|bb2img_trans|focal|princpt
/home/image/Desktop/SignAvatar_Generative_Project/data/annotations/wlasl_pkls_cropFalse_defult_shape/04187.pkl,04187.pkl,australia,"(39, 182)",39,182,1.95,left_valid|right_valid|total_valid_index|2d|pred_2d|smplx|unsmooth_smplx|bb2img_trans|focal|princpt
/home/image/Desktop/SignAvatar_Generative_Project/data/annotations/wlasl_pkls_cropFalse_defult_shape/04188.pkl,04188.pkl,australia,"(45, 182)",45,182,2.25,left_valid|right_valid|total_valid_index|2d|pred_2d|smplx|unsmooth_smplx|bb2img_trans|focal|princpt
/home/image/Desktop/SignAvatar_Generative_Project/data/annotations/wlasl_pkls_cropFalse_defult_shape/04189.pkl,04189.pkl,australia,"(27, 182)",27,182,1.35,left_valid|right_valid|total_valid_index|2d|pred_2d|smplx|unsmooth_smplx|bb2img_trans|focal|princpt
/home/image/Desktop/SignAvatar_Generative_Project/data/annotations/wlasl_pkls_cropFalse_defult_shape/04190.pkl,04190.pkl,australia,"(98, 182)",98,182,4.9,left_valid|right_valid|total_valid_index|2d|pred_2d|smplx|unsmooth_smplx|bb2img_trans|focal|princpt
/home/image/Desktop/SignAvatar_Generative_Project/data/annotations/wlasl_pkls_cropFalse_defult_shape/04191.pkl,04191.pkl,australia,"(55, 182)",55,182,2.75,left_valid|right_valid|total_valid_index|2d|pred_2d|smplx|unsmooth_smplx|bb2img_trans|focal|princpt
/home/image/Desktop/SignAvatar_Generative_Project/data/annotations/wlasl_pkls_cropFalse_defult_shape/04193.pkl,04193.pkl,australia,"(30, 182)",30,182,1.5,left_valid|right_valid|total_valid_index|2d|pred_2d|smplx|unsmooth_smplx|bb2img_trans|focal|princpt
/home/image/Desktop/SignAvatar_Generative_Project/data/annotations/wlasl_pkls_cropFalse_defult_shape/04198.pkl,04198.pkl,australia,"(70, 182)",70,182,3.5,left_valid|right_valid|total_valid_index|2d|pred_2d|smplx|unsmooth_smplx|bb2img_trans|focal|princpt
/home/image/Desktop/SignAvatar_Generative_Project/data/annotations/wlasl_pkls_cropFalse_defult_shape/04202.pkl,04202.pkl,austria,"(35, 182)",35,182,1.75,left_valid|right_valid|total_valid_index|2d|pred_2d|smplx|unsmooth_smplx|bb2img_trans|focal|princpt
/home/image/Desktop/SignAvatar_Generative_Project/data/annotations/wlasl_pkls_cropFalse_defult_shape/04203.pkl,04203.pkl,austria,"(110, 182)",110,182,5.5,left_valid|right_valid|total_valid_index|2d|pred_2d|smplx|unsmooth_smplx|bb2img_trans|focal|princpt
/home/image/Desktop/SignAvatar_Generative_Project/data/annotations/wlasl_pkls_cropFalse_defult_shape/04204.pkl,04204.pkl,austria,"(55, 182)",55,182,2.75,left_valid|right_valid|total_valid_index|2d|pred_2d|smplx|unsmooth_smplx|bb2img_trans|focal|princpt
/home/image/Desktop/SignAvatar_Generative_Project/data/annotations/wlasl_pkls_cropFalse_defult_shape/04205.pkl,04205.pkl,austria,"(55, 182)",55,182,2.75,left_valid|right_valid|total_valid_index|2d|pred_2d|smplx|unsmooth_smplx|bb2img_trans|focal|princpt
/home/image/Desktop/SignAvatar_Generative_Project/data/annotations/wlasl_pkls_cropFalse_defult_shape/04216.pkl,04216.pkl,author,"(41, 182)",41,182,2.05,left_valid|right_valid|total_valid_index|2d|pred_2d|smplx|unsmooth_smplx|bb2img_trans|focal|princpt
/home/image/Desktop/SignAvatar_Generative_Project/data/annotations/wlasl_pkls_cropFalse_defult_shape/04218.pkl,04218.pkl,author,"(95, 182)",95,182,4.75,left_valid|right_valid|total_valid_index|2d|pred_2d|smplx|unsmooth_smplx|bb2img_trans|focal|princpt
/home/image/Desktop/SignAvatar_Generative_Project/data/annotations/wlasl_pkls_cropFalse_defult_shape/04219.pkl,04219.pkl,author,"(113, 182)",113,182,5.65,left_valid|right_valid|total_valid_index|2d|pred_2d|smplx|unsmooth_smplx|bb2img_trans|focal|princpt
/home/image/Desktop/SignAvatar_Generative_Project/data/annotations/wlasl_pkls_cropFalse_defult_shape/04220.pkl,04220.pkl,author,"(55, 182)",55,182,2.75,left_valid|right_valid|total_valid_index|2d|pred_2d|smplx|unsmooth_smplx|bb2img_trans|focal|princpt
/home/image/Desktop/SignAvatar_Generative_Project/data/annotations/wlasl_pkls_cropFalse_defult_shape/04221.pkl,04221.pkl,author,"(62, 182)",62,182,3.1,left_valid|right_valid|total_valid_index|2d|pred_2d|smplx|unsmooth_smplx|bb2img_trans|focal|princpt
/home/image/Desktop/SignAvatar_Generative_Project/data/annotations/wlasl_pkls_cropFalse_defult_shape/04222.pkl,04222.pkl,author,"(65, 182)",65,182,3.25,left_valid|right_valid|total_valid_index|2d|pred_2d|smplx|unsmooth_smplx|bb2img_trans|focal|princpt
/home/image/Desktop/SignAvatar_Generative_Project/data/annotations/wlasl_pkls_cropFalse_defult_shape/04223.pkl,04223.pkl,author,"(68, 182)",68,182,3.4,left_valid|right_valid|total_valid_index|2d|pred_2d|smplx|unsmooth_smplx|bb2img_trans|focal|princpt
/home/image/Desktop/SignAvatar_Generative_Project/data/annotations/wlasl_pkls_cropFalse_defult_shape/04225.pkl,04225.pkl,authority,"(41, 182)",41,182,2.05,left_valid|right_valid|total_valid_index|2d|pred_2d|smplx|unsmooth_smplx|bb2img_trans|focal|princpt
/home/image/Desktop/SignAvatar_Generative_Project/data/annotations/wlasl_pkls_cropFalse_defult_shape/04226.pkl,04226.pkl,authority,"(77, 182)",77,182,3.85,left_valid|right_valid|total_valid_index|2d|pred_2d|smplx|unsmooth_smplx|bb2img_trans|focal|princpt
/home/image/Desktop/SignAvatar_Generative_Project/data/annotations/wlasl_pkls_cropFalse_defult_shape/04227.pkl,04227.pkl,authority,"(43, 182)",43,182,2.15,left_valid|right_valid|total_valid_index|2d|pred_2d|smplx|unsmooth_smplx|bb2img_trans|focal|princpt
/home/image/Desktop/SignAvatar_Generative_Project/data/annotations/wlasl_pkls_cropFalse_defult_shape/04228.pkl,04228.pkl,authority,"(75, 182)",75,182,3.75,left_valid|right_valid|total_valid_index|2d|pred_2d|smplx|unsmooth_smplx|bb2img_trans|focal|princpt
/home/image/Desktop/SignAvatar_Generative_Project/data/annotations/wlasl_pkls_cropFalse_defult_shape/04229.pkl,04229.pkl,authority,"(29, 182)",29,182,1.45,left_valid|right_valid|total_valid_index|2d|pred_2d|smplx|unsmooth_smplx|bb2img_trans|focal|princpt
/home/image/Desktop/SignAvatar_Generative_Project/data/annotations/wlasl_pkls_cropFalse_defult_shape/04230.pkl,04230.pkl,authority,"(38, 182)",38,182,1.9,left_valid|right_valid|total_valid_index|2d|pred_2d|smplx|unsmooth_smplx|bb2img_trans|focal|princpt
/home/image/Desktop/SignAvatar_Generative_Project/data/annotations/wlasl_pkls_cropFalse_defult_shape/04231.pkl,04231.pkl,authority,"(73, 182)",73,182,3.65,left_valid|right_valid|total_valid_index|2d|pred_2d|smplx|unsmooth_smplx|bb2img_trans|focal|princpt
/home/image/Desktop/SignAvatar_Generative_Project/data/annotations/wlasl_pkls_cropFalse_defult_shape/04288.pkl,04288.pkl,autumn,"(21, 182)",21,182,1.05,left_valid|right_valid|total_valid_index|2d|pred_2d|smplx|unsmooth_smplx|bb2img_trans|focal|princpt
/home/image/Desktop/SignAvatar_Generative_Project/data/annotations/wlasl_pkls_cropFalse_defult_shape/04289.pkl,04289.pkl,autumn,"(94, 182)",94,182,4.7,left_valid|right_valid|total_valid_index|2d|pred_2d|smplx|unsmooth_smplx|bb2img_trans|focal|princpt
/home/image/Desktop/SignAvatar_Generative_Project/data/annotations/wlasl_pkls_cropFalse_defult_shape/04290.pkl,04290.pkl,autumn,"(48, 182)",48,182,2.4,left_valid|right_valid|total_valid_index|2d|pred_2d|smplx|unsmooth_smplx|bb2img_trans|focal|princpt
/home/image/Desktop/SignAvatar_Generative_Project/data/annotations/wlasl_pkls_cropFalse_defult_shape/04292.pkl,04292.pkl,autumn,"(83, 182)",83,182,4.15,left_valid|right_valid|total_valid_index|2d|pred_2d|smplx|unsmooth_smplx|bb2img_trans|focal|princpt
/home/image/Desktop/SignAvatar_Generative_Project/data/annotations/wlasl_pkls_cropFalse_defult_shape/04293.pkl,04293.pkl,autumn,"(55, 182)",55,182,2.75,left_valid|right_valid|total_valid_index|2d|pred_2d|smplx|unsmooth_smplx|bb2img_trans|focal|princpt
/home/image/Desktop/SignAvatar_Generative_Project/data/annotations/wlasl_pkls_cropFalse_defult_shape/04294.pkl,04294.pkl,autumn,"(45, 182)",45,182,2.25,left_valid|right_valid|total_valid_index|2d|pred_2d|smplx|unsmooth_smplx|bb2img_trans|focal|princpt
/home/image/Desktop/SignAvatar_Generative_Project/data/annotations/wlasl_pkls_cropFalse_defult_shape/04295.pkl,04295.pkl,autumn,"(97, 182)",97,182,4.85,left_valid|right_valid|total_valid_index|2d|pred_2d|smplx|unsmooth_smplx|bb2img_trans|focal|princpt
/home/image/Desktop/SignAvatar_Generative_Project/data/annotations/wlasl_pkls_cropFalse_defult_shape/04296.pkl,04296.pkl,autumn,"(63, 182)",63,182,3.15,left_valid|right_valid|total_valid_index|2d|pred_2d|smplx|unsmooth_smplx|bb2img_trans|focal|princpt
/home/image/Desktop/SignAvatar_Generative_Project/data/annotations/wlasl_pkls_cropFalse_defult_shape/04300.pkl,04300.pkl,available,"(44, 182)",44,182,2.2,left_valid|right_valid|total_valid_index|2d|pred_2d|smplx|unsmooth_smplx|bb2img_trans|focal|princpt
/home/image/Desktop/SignAvatar_Generative_Project/data/annotations/wlasl_pkls_cropFalse_defult_shape/04301.pkl,04301.pkl,available,"(80, 182)",80,182,4.0,left_valid|right_valid|total_valid_index|2d|pred_2d|smplx|unsmooth_smplx|bb2img_trans|focal|princpt
/home/image/Desktop/SignAvatar_Generative_Project/data/annotations/wlasl_pkls_cropFalse_defult_shape/04302.pkl,04302.pkl,available,"(72, 182)",72,182,3.6,left_valid|right_valid|total_valid_index|2d|pred_2d|smplx|unsmooth_smplx|bb2img_trans|focal|princpt
/home/image/Desktop/SignAvatar_Generative_Project/data/annotations/wlasl_pkls_cropFalse_defult_shape/04303.pkl,04303.pkl,available,"(28, 182)",28,182,1.4,left_valid|right_valid|total_valid_index|2d|pred_2d|smplx|unsmooth_smplx|bb2img_trans|focal|princpt
/home/image/Desktop/SignAvatar_Generative_Project/data/annotations/wlasl_pkls_cropFalse_defult_shape/04304.pkl,04304.pkl,available,"(28, 182)",28,182,1.4,left_valid|right_valid|total_valid_index|2d|pred_2d|smplx|unsmooth_smplx|bb2img_trans|focal|princpt
